Opérateur,Statut,Année,Valeur
ACADEMIE DE FRANCE A ROME,EPA,2021,793
ACADEMIE DE FRANCE A ROME,EPA,2022,866
ACADEMIE DE FRANCE A ROME,EPA,2023,869
AGENCE BIBLIOGRAPHIQUE DE L'ENSEIGNEMENT SUPERIEUR,EPA,2021,660
AGENCE BIBLIOGRAPHIQUE DE L'ENSEIGNEMENT SUPERIEUR,EPA,2022,684
AGENCE BIBLIOGRAPHIQUE DE L'ENSEIGNEMENT SUPERIEUR,EPA,2023,706
AGENCE DE FINANCEMENT DES INFRASTRUCTURES DE TRANSPORT DE FRANCE,EPA,2021,361
AGENCE DE FINANCEMENT DES INFRASTRUCTURES DE TRANSPORT DE FRANCE,EPA,2022,361
AGENCE DE FINANCEMENT DES INFRASTRUCTURES DE TRANSPORT DE FRANCE,EPA,2023,322
AGENCE DE GESTION ET DE RECOUVREMENT DES AVOIRS SAISIS ET CONFISQUES,EPA,2021,1243
AGENCE DE GESTION ET DE RECOUVREMENT DES AVOIRS SAISIS ET CONFISQUES,EPA,2022,1360
AGENCE DE GESTION ET DE RECOUVREMENT DES AVOIRS SAISIS ET CONFISQUES,EPA,2023,1405
AGENCE DE L EAU ARTOIS PICARDIE,EPA,2021,874
AGENCE DE L EAU ARTOIS PICARDIE,EPA,2022,888
AGENCE DE L EAU ARTOIS PICARDIE,EPA,2023,891
AGENCE DE L ENVIRONNEMENT ET DE LA MAITRISE DE L ENERGIE,EPIC,2021,1088
AGENCE DE L ENVIRONNEMENT ET DE LA MAITRISE DE L ENERGIE,EPIC,2022,1212
AGENCE DE L ENVIRONNEMENT ET DE LA MAITRISE DE L ENERGIE,EPIC,2023,1084
AGENCE DE L'EAU ADOUR GARONNE,EPA,2021,839
AGENCE DE L'EAU ADOUR GARONNE,EPA,2022,871
AGENCE DE L'EAU ADOUR GARONNE,EPA,2023,889
AGENCE DE L'EAU LOIRE -BRETAGNE,EPA,2021,996
AGENCE DE L'EAU LOIRE -BRETAGNE,EPA,2022,1035
AGENCE DE L'EAU LOIRE -BRETAGNE,EPA,2023,1063
AGENCE DE L'EAU RHIN MEUSE,EPA,2021,831
AGENCE DE L'EAU RHIN MEUSE,EPA,2022,863
AGENCE DE L'EAU RHIN MEUSE,EPA,2023,911
AGENCE DE L'EAU RHONE MEDITERRANEE ET CORSE,EPA,2021,965
AGENCE DE L'EAU RHONE MEDITERRANEE ET CORSE,EPA,2022,1013
AGENCE DE L'EAU RHONE MEDITERRANEE ET CORSE,EPA,2023,1040
AGENCE DE L'EAU SEINE -NORMANDIE,EPA,2021,1017
AGENCE DE L'EAU SEINE -NORMANDIE,EPA,2022,1080
AGENCE DE L'EAU SEINE -NORMANDIE,EPA,2023,1104
AGENCE DE L'OUTRE -MER POUR LA MOBILITE,EPA,2021,1535
AGENCE DE L'OUTRE -MER POUR LA MOBILITE,EPA,2022,1389
AGENCE DE L'OUTRE -MER POUR LA MOBILITE,EPA,2023,1326
"AGENCE DE SANTE DE GUADELOUPE, SAINT -MARTIN ET SAINT -BARTHELEMY",EPA,2021,1093
"AGENCE DE SANTE DE GUADELOUPE, SAINT -MARTIN ET SAINT -BARTHELEMY",EPA,2022,1042
"AGENCE DE SANTE DE GUADELOUPE, SAINT -MARTIN ET SAINT -BARTHELEMY",EPA,2023,1134
AGENCE DE SERVICES ET DE PAIEMENT,EPA,2021,1249
AGENCE DE SERVICES ET DE PAIEMENT,EPA,2022,1367
AGENCE DE SERVICES ET DE PAIEMENT,EPA,2023,1304
AGENCE DES COMMUNICATIONS MOBILES OPERATIONNELLES DE SECURITE ET DE SECOURS,EPA,2021,0
AGENCE DES COMMUNICATIONS MOBILES OPERATIONNELLES DE SECURITE ET DE SECOURS,EPA,2022,0
AGENCE DES COMMUNICATIONS MOBILES OPERATIONNELLES DE SECURITE ET DE SECOURS,EPA,2023,56
AGENCE DU SERVICE CIVIQUE,GIP,2021,855
AGENCE DU SERVICE CIVIQUE,GIP,2022,903
AGENCE DU SERVICE CIVIQUE,GIP,2023,918
AGENCE FRANCAISE POUR LE DEVELOPP EMENT ET LA PROMOTION DE L'AGRICULTURE BIOLOGIQUE,GIP,2021,516
AGENCE FRANCAISE POUR LE DEVELOPP EMENT ET LA PROMOTION DE L'AGRICULTURE BIOLOGIQUE,GIP,2022,565
AGENCE FRANCAISE POUR LE DEVELOPP EMENT ET LA PROMOTION DE L'AGRICULTURE BIOLOGIQUE,GIP,2023,577
"AGENCE NATIONALE DE CHARGEE DE LA SECURITE SANITAIRE DE L ALIMENTATION, DE L ENVIRONNEMENT ET DU TRAVAIL",EPA,2021,1349
"AGENCE NATIONALE DE CHARGEE DE LA SECURITE SANITAIRE DE L ALIMENTATION, DE L ENVIRONNEMENT ET DU TRAVAIL",EPA,2022,1348
"AGENCE NATIONALE DE CHARGEE DE LA SECURITE SANITAIRE DE L ALIMENTATION, DE L ENVIRONNEMENT ET DU TRAVAIL",EPA,2023,1379
AGENCE NATIONALE DE LA COHESION DES TERRITOIRES,EPA,2021,1349
AGENCE NATIONALE DE LA COHESION DES TERRITOIRES,EPA,2022,1310
AGENCE NATIONALE DE LA COHESION DES TERRITOIRES,EPA,2023,1316
AGENCE NATIONALE DE LA RECHERCHE,EPA,2021,1119
AGENCE NATIONALE DE LA RECHERCHE,EPA,2022,1106
AGENCE NATIONALE DE LA RECHERCHE,EPA,2023,1158
AGENCE NATIONALE DE TRAITEMENT AUTOMATISE DES INFRACTIONS,EPA,2021,1054
AGENCE NATIONALE DE TRAITEMENT AUTOMATISE DES INFRACTIONS,EPA,2022,1129
AGENCE NATIONALE DE TRAITEMENT AUTOMATISE DES INFRACTIONS,EPA,2023,1195
AGENCE NATIONALE DES FREQUENCES,EPA,2021,1351
AGENCE NATIONALE DES FREQUENCES,EPA,2022,1353
AGENCE NATIONALE DES FREQUENCES,EPA,2023,0
AGENCE NATIONALE DES TITRES SECURISES,EPA,2021,976
AGENCE NATIONALE DES TITRES SECURISES,EPA,2022,1070
AGENCE NATIONALE DES TITRES SECURISES,EPA,2023,1108
AGENCE NATIONALE DU NUMERIQUE DE LA SECURITE CIVILE,EPA,2021,1123
AGENCE NATIONALE DU NUMERIQUE DE LA SECURITE CIVILE,EPA,2022,977
AGENCE NATIONALE DU NUMERIQUE DE LA SECURITE CIVILE,EPA,2023,999
AGENCE NATIONALE DU SPORT,GIP,2021,1002
AGENCE NATIONALE DU SPORT,GIP,2022,1039
AGENCE NATIONALE DU SPORT,GIP,2023,1086
AGENCE NATIONALE POUR L AMELIORATION DES CONDITIONS DE TRAVAIL,EPA,2021,684
AGENCE NATIONALE POUR L AMELIORATION DES CONDITIONS DE TRAVAIL,EPA,2022,691
AGENCE NATIONALE POUR L AMELIORATION DES CONDITIONS DE TRAVAIL,EPA,2023,787
AGENCE NATIONALE POUR LA FORMATION PROFESSIONNELLE DES ADULTES,EPIC,2021,1557
AGENCE NATIONALE POUR LA FORMATION PROFESSIONNELLE DES ADULTES,EPIC,2022,1510
AGENCE NATIONALE POUR LA FORMATION PROFESSIONNELLE DES ADULTES,EPIC,2023,0
AGENCE NATIONALE POUR LA GARANTIE DES DROITS DES MINEURS,EPA,2021,973
AGENCE NATIONALE POUR LA GARANTIE DES DROITS DES MINEURS,EPA,2022,1038
AGENCE NATIONALE POUR LA GARANTIE DES DROITS DES MINEURS,EPA,2023,1004
AGENCE NATIONALE POUR LA GESTION DES DECHETS RADIOACTIFS,EPIC,2021,1600
AGENCE NATIONALE POUR LA GESTION DES DECHETS RADIOACTIFS,EPIC,2022,1572
AGENCE NATIONALE POUR LA GESTION DES DECHETS RADIOACTIFS,EPIC,2023,1569
AGENCE POUR L'ENSEIGNEMENT FRANCAIS A L'ETRANGER,EPA,2021,1843
AGENCE POUR L'ENSEIGNEMENT FRANCAIS A L'ETRANGER,EPA,2022,1805
AGENCE POUR L'ENSEIGNEMENT FRANCAIS A L'ETRANGER,EPA,2023,1870
AGENCE PUBLIQUE POUR L IMMOBILIER DE LA JUSTICE,EPA,2021,946
AGENCE PUBLIQUE POUR L IMMOBILIER DE LA JUSTICE,EPA,2022,988
AGENCE PUBLIQUE POUR L IMMOBILIER DE LA JUSTICE,EPA,2023,1011
AGENCE REGIONALE DE SANTE AUVERGNE -RHONE -ALPES,EPA,2021,1303
AGENCE REGIONALE DE SANTE AUVERGNE -RHONE -ALPES,EPA,2022,1286
AGENCE REGIONALE DE SANTE AUVERGNE -RHONE -ALPES,EPA,2023,1208
AGENCE REGIONALE DE SANTE BOURGOGNE -FRANCHE -COMTE,EPA,2021,1167
AGENCE REGIONALE DE SANTE BOURGOGNE -FRANCHE -COMTE,EPA,2022,1180
AGENCE REGIONALE DE SANTE BOURGOGNE -FRANCHE -COMTE,EPA,2023,1214
AGENCE REGIONALE DE SANTE DE BRETAGNE,EPA,2021,1073
AGENCE REGIONALE DE SANTE DE BRETAGNE,EPA,2022,1051
AGENCE REGIONALE DE SANTE DE BRETAGNE,EPA,2023,1140
AGENCE REGIONALE DE SANTE DE CORSE,EPA,2021,1101
AGENCE REGIONALE DE SANTE DE CORSE,EPA,2022,1136
AGENCE REGIONALE DE SANTE DE CORSE,EPA,2023,1268
AGENCE REGIONALE DE SANTE DE GUYANE,EPA,2021,1163
AGENCE REGIONALE DE SANTE DE GUYANE,EPA,2022,1098
AGENCE REGIONALE DE SANTE DE GUYANE,EPA,2023,1002
AGENCE REGIONALE DE SANTE DE LA REUNION,EPA,2021,1166
AGENCE REGIONALE DE SANTE DE LA REUNION,EPA,2022,1151
AGENCE REGIONALE DE SANTE DE LA REUNION,EPA,2023,1475
AGENCE REGIONALE DE SANTE DE MARTINIQUE,EPA,2021,1184
AGENCE REGIONALE DE SANTE DE MARTINIQUE,EPA,2022,1211
AGENCE REGIONALE DE SANTE DE MARTINIQUE,EPA,2023,1248
AGENCE REGIONALE DE SANTE DE MAYOTTE,EPA,2021,1028
AGENCE REGIONALE DE SANTE DE MAYOTTE,EPA,2022,1097
AGENCE REGIONALE DE SANTE DE MAYOTTE,EPA,2023,1090
AGENCE REGIONALE DE SANTE DE PROVENCE ALPES COTE D'AZUR,EPA,2021,1199
AGENCE REGIONALE DE SANTE DE PROVENCE ALPES COTE D'AZUR,EPA,2022,1170
AGENCE REGIONALE DE SANTE DE PROVENCE ALPES COTE D'AZUR,EPA,2023,1280
AGENCE REGIONALE DE SANTE DU CENTRE -VAL DE LOIRE,EPA,2021,1131
AGENCE REGIONALE DE SANTE DU CENTRE -VAL DE LOIRE,EPA,2022,1187
AGENCE REGIONALE DE SANTE DU CENTRE -VAL DE LOIRE,EPA,2023,1134
AGENCE REGIONALE DE SANTE GRAND EST,EPA,2021,1314
AGENCE REGIONALE DE SANTE GRAND EST,EPA,2022,1315
AGENCE REGIONALE DE SANTE GRAND EST,EPA,2023,1336
AGENCE REGIONALE DE SANTE HAUTS -DE-FRANCE,EPA,2021,1299
AGENCE REGIONALE DE SANTE HAUTS -DE-FRANCE,EPA,2022,1193
AGENCE REGIONALE DE SANTE HAUTS -DE-FRANCE,EPA,2023,1278
AGENCE REGIONALE DE SANTE ILE DE FRANCE,EPA,2021,1356
AGENCE REGIONALE DE SANTE ILE DE FRANCE,EPA,2022,1363
AGENCE REGIONALE DE SANTE ILE DE FRANCE,EPA,2023,1334
AGENCE REGIONALE DE SANTE NORMANDIE,EPA,2021,1127
AGENCE REGIONALE DE SANTE NORMANDIE,EPA,2022,1115
AGENCE REGIONALE DE SANTE NORMANDIE,EPA,2023,1112
AGENCE REGIONALE DE SANTE NOUVELLE -AQUITAINE,EPA,2021,1270
AGENCE REGIONALE DE SANTE NOUVELLE -AQUITAINE,EPA,2022,1295
AGENCE REGIONALE DE SANTE NOUVELLE -AQUITAINE,EPA,2023,1317
AGENCE REGIONALE DE SANTE OCCITANIE,EPA,2021,1261
AGENCE REGIONALE DE SANTE OCCITANIE,EPA,2022,1271
AGENCE REGIONALE DE SANTE OCCITANIE,EPA,2023,1349
AGENCE REGIONALE DE SANTE PAYS DE LOIRE,EPA,2021,1075
AGENCE REGIONALE DE SANTE PAYS DE LOIRE,EPA,2022,1112
AGENCE REGIONALE DE SANTE PAYS DE LOIRE,EPA,2023,1076
ATOUT FRANCE AGENCE FRANCAISE DE DEVELOPPEMENT TOURISTIQUE,GIE,2021,1275
ATOUT FRANCE AGENCE FRANCAISE DE DEVELOPPEMENT TOURISTIQUE,GIE,2022,1292
ATOUT FRANCE AGENCE FRANCAISE DE DEVELOPPEMENT TOURISTIQUE,GIE,2023,1324
BIBLIOTHEQUE NATIONALE DE FRANCE,EPA,2021,1194
BIBLIOTHEQUE NATIONALE DE FRANCE,EPA,2022,1209
BIBLIOTHEQUE NATIONALE DE FRANCE,EPA,2023,1249
BIBLIOTHEQUE NATIONALE ET UNIVERSITAIRE DE STRASBOURG,EPA,2021,663
BIBLIOTHEQUE NATIONALE ET UNIVERSITAIRE DE STRASBOURG,EPA,2022,681
BIBLIOTHEQUE NATIONALE ET UNIVERSITAIRE DE STRASBOURG,EPA,2023,699
BIBLIOTHEQUE PUBLIQUE D'INFORMATION,EPA,2021,1313
BIBLIOTHEQUE PUBLIQUE D'INFORMATION,EPA,2022,922
BIBLIOTHEQUE PUBLIQUE D'INFORMATION,EPA,2023,898
BUREAU DE RECHERCHES GEOLOGIQUES ET MINIERES,EPIC,2021,1390
BUREAU DE RECHERCHES GEOLOGIQUES ET MINIERES,EPIC,2022,1392
BUREAU DE RECHERCHES GEOLOGIQUES ET MINIERES,EPIC,2023,1388
BUSINESS FRANCE,EPIC,2021,1590
BUSINESS FRANCE,EPIC,2022,1583
BUSINESS FRANCE,EPIC,2023,1605
CAMPUS FRANCE,EPIC,2021,870
CAMPUS FRANCE,EPIC,2022,953
CAMPUS FRANCE,EPIC,2023,0
CENTRALE LILLE INSTITUT,EPSCP,2021,920
CENTRALE LILLE INSTITUT,EPSCP,2022,1034
CENTRALE LILLE INSTITUT,EPSCP,2023,1018
CENTRALESUPELEC,EPSCP,2021,1269
CENTRALESUPELEC,EPSCP,2022,1316
CENTRALESUPELEC,EPSCP,2023,1316
CENTRE D'ETUDES ET D'EXPERTISE SUR LES RISQUES L'ENVIRONNEMENT LA MOBILITE ET L'AMENAGEMENT,EPA,2021,1419
CENTRE D'ETUDES ET D'EXPERTISE SUR LES RISQUES L'ENVIRONNEMENT LA MOBILITE ET L'AMENAGEMENT,EPA,2022,1394
CENTRE D'ETUDES ET D'EXPERTISE SUR LES RISQUES L'ENVIRONNEMENT LA MOBILITE ET L'AMENAGEMENT,EPA,2023,1412
CENTRE D'ETUDES ET DE RECHERCHES SUR LES QUALIFICATIONS,EPA,2021,1372
CENTRE D'ETUDES ET DE RECHERCHES SUR LES QUALIFICATIONS,EPA,2022,1311
CENTRE D'ETUDES ET DE RECHERCHES SUR LES QUALIFICATIONS,EPA,2023,1427
CENTRE DE COOPERATION INTERNATIONALE EN RECHERCHE AGRONOMIQUE POUR LE DEVELOPPEMENT,EPIC,2021,883
CENTRE DE COOPERATION INTERNATIONALE EN RECHERCHE AGRONOMIQUE POUR LE DEVELOPPEMENT,EPIC,2022,932
CENTRE DE COOPERATION INTERNATIONALE EN RECHERCHE AGRONOMIQUE POUR LE DEVELOPPEMENT,EPIC,2023,959
CENTRE DES MONUMENTS NATIONAUX,EPA,2021,1040
CENTRE DES MONUMENTS NATIONAUX,EPA,2022,1092
CENTRE DES MONUMENTS NATIONAUX,EPA,2023,1058
CENTRE INFORMATIQUE NATIONAL DE L'ENSEIGNEMENT SUPERIEUR,EPA,2021,650
CENTRE INFORMATIQUE NATIONAL DE L'ENSEIGNEMENT SUPERIEUR,EPA,2022,665
CENTRE INFORMATIQUE NATIONAL DE L'ENSEIGNEMENT SUPERIEUR,EPA,2023,680
CENTRE NATIONAL D'ART ET DE CULTURE GEORGES POMPIDOU,EPA,2021,1096
CENTRE NATIONAL D'ART ET DE CULTURE GEORGES POMPIDOU,EPA,2022,1098
CENTRE NATIONAL D'ART ET DE CULTURE GEORGES POMPIDOU,EPA,2023,1194
CENTRE NATIONAL D'ENSEIGNEMENT A DISTANCE,EPA,2021,875
CENTRE NATIONAL D'ENSEIGNEMENT A DISTANCE,EPA,2022,836
CENTRE NATIONAL D'ENSEIGNEMENT A DISTANCE,EPA,2023,966
CENTRE NATIONAL D'ETUDES SPATIALES,EPIC,2021,1955
CENTRE NATIONAL D'ETUDES SPATIALES,EPIC,2022,2008
CENTRE NATIONAL D'ETUDES SPATIALES,EPIC,2023,2182
CENTRE NATIONAL DE LA DANSE,EPIC,2021,652
CENTRE NATIONAL DE LA DANSE,EPIC,2022,668
CENTRE NATIONAL DE LA DANSE,EPIC,2023,678
CENTRE NATIONAL DE LA MUSIQUE,EPIC,2021,966
CENTRE NATIONAL DE LA MUSIQUE,EPIC,2022,1030
CENTRE NATIONAL DE LA MUSIQUE,EPIC,2023,935
CENTRE NATIONAL DE LA RECHERCHE SCIENTIFIQUE,EPST,2021,1742
CENTRE NATIONAL DE LA RECHERCHE SCIENTIFIQUE,EPST,2022,1524
CENTRE NATIONAL DE LA RECHERCHE SCIENTIFIQUE,EPST,2023,1551
CENTRE NATIONAL DE LE PROPRIETE FORESTIERE,EPA,2021,989
CENTRE NATIONAL DE LE PROPRIETE FORESTIERE,EPA,2022,1025
CENTRE NATIONAL DE LE PROPRIETE FORESTIERE,EPA,2023,1038
CENTRE NATIONAL DES ARTS DU CIRQUE,Association,2021,560
CENTRE NATIONAL DES ARTS DU CIRQUE,Association,2022,577
CENTRE NATIONAL DES ARTS DU CIRQUE,Association,2023,542
CENTRE NATIONAL DES ARTS PLASTIQUES,EPA,2021,658
CENTRE NATIONAL DES ARTS PLASTIQUES,EPA,2022,694
CENTRE NATIONAL DES ARTS PLASTIQUES,EPA,2023,743
CENTRE NATIONAL DES OEUVRES UNIVERSITAIRES ET SCOLAIRES - CNOUS,EPA,2021,1132
CENTRE NATIONAL DES OEUVRES UNIVERSITAIRES ET SCOLAIRES - CNOUS,EPA,2022,1203
CENTRE NATIONAL DES OEUVRES UNIVERSITAIRES ET SCOLAIRES - CNOUS,EPA,2023,0
CENTRE NATIONAL DU CINEMA ET DE L'IMAGE ANIMEE,EPA,2021,1348
CENTRE NATIONAL DU CINEMA ET DE L'IMAGE ANIMEE,EPA,2022,1342
CENTRE NATIONAL DU CINEMA ET DE L'IMAGE ANIMEE,EPA,2023,1358
CENTRE NATIONAL DU LIVRE,EPA,2021,673
CENTRE NATIONAL DU LIVRE,EPA,2022,805
CENTRE NATIONAL DU LIVRE,EPA,2023,809
CENTRE POUR LE DEVELOPPEMENT DE L'INFORMATION SUR LA FORMATION PERMANENTE,Association,2021,771
CENTRE POUR LE DEVELOPPEMENT DE L'INFORMATION SUR LA FORMATION PERMANENTE,Association,2022,780
CENTRE POUR LE DEVELOPPEMENT DE L'INFORMATION SUR LA FORMATION PERMANENTE,Association,2023,807
CENTRE REGIONAL OEUVRES UNIV SCOLAIRES - AIX - MARSEILLE,EPA,2021,579
CENTRE REGIONAL OEUVRES UNIV SCOLAIRES - AIX - MARSEILLE,EPA,2022,665
CENTRE REGIONAL OEUVRES UNIV SCOLAIRES - AIX - MARSEILLE,EPA,2023,0
CENTRE REGIONAL OEUVRES UNIV SCOLAIRES - AMIENS,EPA,2021,585
CENTRE REGIONAL OEUVRES UNIV SCOLAIRES - AMIENS,EPA,2022,526
CENTRE REGIONAL OEUVRES UNIV SCOLAIRES - AMIENS,EPA,2023,0
CENTRE REGIONAL OEUVRES UNIV SCOLAIRES - ANTILLES GUYANE,EPA,2021,784
CENTRE REGIONAL OEUVRES UNIV SCOLAIRES - ANTILLES GUYANE,EPA,2022,728
CENTRE REGIONAL OEUVRES UNIV SCOLAIRES - ANTILLES GUYANE,EPA,2023,0
CENTRE REGIONAL OEUVRES UNIV SCOLAIRES - BORDEAUX,EPA,2021,654
CENTRE REGIONAL OEUVRES UNIV SCOLAIRES - BORDEAUX,EPA,2022,634
CENTRE REGIONAL OEUVRES UNIV SCOLAIRES - BORDEAUX,EPA,2023,0
CENTRE REGIONAL OEUVRES UNIV SCOLAIRES - BOURGOGNE FRANCHE -COMTE,EPA,2021,610
CENTRE REGIONAL OEUVRES UNIV SCOLAIRES - BOURGOGNE FRANCHE -COMTE,EPA,2022,641
CENTRE REGIONAL OEUVRES UNIV SCOLAIRES - BOURGOGNE FRANCHE -COMTE,EPA,2023,0
CENTRE REGIONAL OEUVRES UNIV SCOLAIRES - CLERMONT FERRAND,EPA,2021,550
CENTRE REGIONAL OEUVRES UNIV SCOLAIRES - CLERMONT FERRAND,EPA,2022,588
CENTRE REGIONAL OEUVRES UNIV SCOLAIRES - CLERMONT FERRAND,EPA,2023,0
CENTRE REGIONAL OEUVRES UNIV SCOLAIRES - CORTE,EPA,2021,397
CENTRE REGIONAL OEUVRES UNIV SCOLAIRES - CORTE,EPA,2022,429
CENTRE REGIONAL OEUVRES UNIV SCOLAIRES - CORTE,EPA,2023,0
CENTRE REGIONAL OEUVRES UNIV SCOLAIRES - CRETEIL,EPA,2021,602
CENTRE REGIONAL OEUVRES UNIV SCOLAIRES - CRETEIL,EPA,2022,759
CENTRE REGIONAL OEUVRES UNIV SCOLAIRES - CRETEIL,EPA,2023,0
CENTRE REGIONAL OEUVRES UNIV SCOLAIRES - GRENOBLE,EPA,2021,579
CENTRE REGIONAL OEUVRES UNIV SCOLAIRES - GRENOBLE,EPA,2022,616
CENTRE REGIONAL OEUVRES UNIV SCOLAIRES - GRENOBLE,EPA,2023,0
CENTRE REGIONAL OEUVRES UNIV SCOLAIRES - LILLE,EPA,2021,630
CENTRE REGIONAL OEUVRES UNIV SCOLAIRES - LILLE,EPA,2022,670
CENTRE REGIONAL OEUVRES UNIV SCOLAIRES - LILLE,EPA,2023,0
CENTRE REGIONAL OEUVRES UNIV SCOLAIRES - LIMOGES,EPA,2021,502
CENTRE REGIONAL OEUVRES UNIV SCOLAIRES - LIMOGES,EPA,2022,548
CENTRE REGIONAL OEUVRES UNIV SCOLAIRES - LIMOGES,EPA,2023,0
CENTRE REGIONAL OEUVRES UNIV SCOLAIRES - LYON,EPA,2021,658
CENTRE REGIONAL OEUVRES UNIV SCOLAIRES - LYON,EPA,2022,650
CENTRE REGIONAL OEUVRES UNIV SCOLAIRES - LYON,EPA,2023,0
CENTRE REGIONAL OEUVRES UNIV SCOLAIRES - MONTPELLIER,EPA,2021,648
CENTRE REGIONAL OEUVRES UNIV SCOLAIRES - MONTPELLIER,EPA,2022,648
CENTRE REGIONAL OEUVRES UNIV SCOLAIRES - MONTPELLIER,EPA,2023,0
CENTRE REGIONAL OEUVRES UNIV SCOLAIRES - NANCY - METZ,EPA,2021,570
CENTRE REGIONAL OEUVRES UNIV SCOLAIRES - NANCY - METZ,EPA,2022,628
CENTRE REGIONAL OEUVRES UNIV SCOLAIRES - NANCY - METZ,EPA,2023,0
CENTRE REGIONAL OEUVRES UNIV SCOLAIRES - NANTES,EPA,2021,630
CENTRE REGIONAL OEUVRES UNIV SCOLAIRES - NANTES,EPA,2022,651
CENTRE REGIONAL OEUVRES UNIV SCOLAIRES - NANTES,EPA,2023,0
CENTRE REGIONAL OEUVRES UNIV SCOLAIRES - NICE,EPA,2021,550
CENTRE REGIONAL OEUVRES UNIV SCOLAIRES - NICE,EPA,2022,589
CENTRE REGIONAL OEUVRES UNIV SCOLAIRES - NICE,EPA,2023,0
CENTRE REGIONAL OEUVRES UNIV SCOLAIRES - NORMANDIE,EPA,2021,694
CENTRE REGIONAL OEUVRES UNIV SCOLAIRES - NORMANDIE,EPA,2022,723
CENTRE REGIONAL OEUVRES UNIV SCOLAIRES - NORMANDIE,EPA,2023,0
CENTRE REGIONAL OEUVRES UNIV SCOLAIRES - ORLEANS - TOURS,EPA,2021,623
CENTRE REGIONAL OEUVRES UNIV SCOLAIRES - ORLEANS - TOURS,EPA,2022,644
CENTRE REGIONAL OEUVRES UNIV SCOLAIRES - ORLEANS - TOURS,EPA,2023,0
CENTRE REGIONAL OEUVRES UNIV SCOLAIRES - PARIS,EPA,2021,677
CENTRE REGIONAL OEUVRES UNIV SCOLAIRES - PARIS,EPA,2022,806
CENTRE REGIONAL OEUVRES UNIV SCOLAIRES - PARIS,EPA,2023,0
CENTRE REGIONAL OEUVRES UNIV SCOLAIRES - POITIERS,EPA,2021,629
CENTRE REGIONAL OEUVRES UNIV SCOLAIRES - POITIERS,EPA,2022,649
CENTRE REGIONAL OEUVRES UNIV SCOLAIRES - POITIERS,EPA,2023,0
CENTRE REGIONAL OEUVRES UNIV SCOLAIRES - REIMS,EPA,2021,505
CENTRE REGIONAL OEUVRES UNIV SCOLAIRES - REIMS,EPA,2022,510
CENTRE REGIONAL OEUVRES UNIV SCOLAIRES - REIMS,EPA,2023,0
CENTRE REGIONAL OEUVRES UNIV SCOLAIRES - RENNES,EPA,2021,682
CENTRE REGIONAL OEUVRES UNIV SCOLAIRES - RENNES,EPA,2022,726
CENTRE REGIONAL OEUVRES UNIV SCOLAIRES - RENNES,EPA,2023,0
CENTRE REGIONAL OEUVRES UNIV SCOLAIRES - REUNION,EPA,2021,315
CENTRE REGIONAL OEUVRES UNIV SCOLAIRES - REUNION,EPA,2022,315
CENTRE REGIONAL OEUVRES UNIV SCOLAIRES - REUNION,EPA,2023,0
CENTRE REGIONAL OEUVRES UNIV SCOLAIRES - STRASBOURG,EPA,2021,601
CENTRE REGIONAL OEUVRES UNIV SCOLAIRES - STRASBOURG,EPA,2022,582
CENTRE REGIONAL OEUVRES UNIV SCOLAIRES - STRASBOURG,EPA,2023,0
CENTRE REGIONAL OEUVRES UNIV SCOLAIRES - TOULOUSE,EPA,2021,697
CENTRE REGIONAL OEUVRES UNIV SCOLAIRES - TOULOUSE,EPA,2022,725
CENTRE REGIONAL OEUVRES UNIV SCOLAIRES - TOULOUSE,EPA,2023,0
CENTRE REGIONAL OEUVRES UNIV SCOLAIRES - VERSAILLES,EPA,2021,726
CENTRE REGIONAL OEUVRES UNIV SCOLAIRES - VERSAILLES,EPA,2022,720
CENTRE REGIONAL OEUVRES UNIV SCOLAIRES - VERSAILLES,EPA,2023,0
CENTRE TECHNIQUE DU LIVRE DE L'ENSEIGNEMENT SUPERIEUR (CTLES),EPA,2021,513
CENTRE TECHNIQUE DU LIVRE DE L'ENSEIGNEMENT SUPERIEUR (CTLES),EPA,2022,530
CENTRE TECHNIQUE DU LIVRE DE L'ENSEIGNEMENT SUPERIEUR (CTLES),EPA,2023,532
CHANCELLERIE DES UNIVERSITES DE PARIS,EPA,2021,762
CHANCELLERIE DES UNIVERSITES DE PARIS,EPA,2022,726
CHANCELLERIE DES UNIVERSITES DE PARIS,EPA,2023,803
CINEMATHEQUE FRANCAISE,Association,2021,876
CINEMATHEQUE FRANCAISE,Association,2022,903
CINEMATHEQUE FRANCAISE,Association,2023,1000
CITE DE L'ARCHITECTURE ET DU PATRIMOINE,EPIC,2021,839
CITE DE L'ARCHITECTURE ET DU PATRIMOINE,EPIC,2022,975
CITE DE L'ARCHITECTURE ET DU PATRIMOINE,EPIC,2023,844
CLERMONT AUVERGNE INP,EPSCP,2021,867
CLERMONT AUVERGNE INP,EPSCP,2022,903
CLERMONT AUVERGNE INP,EPSCP,2023,920
COLLEGE DE FRANCE,EPSCP,2021,1199
COLLEGE DE FRANCE,EPSCP,2022,1194
COLLEGE DE FRANCE,EPSCP,2023,1255
COMEDIE FRANCAISE,EPIC,2021,1023
COMEDIE FRANCAISE,EPIC,2022,1156
COMEDIE FRANCAISE,EPIC,2023,1183
COMMISSARIAT A L' ENERGIE  ATOMIQUE ET AUX ENERGIES ALTERNATIVES,EPIC,2021,1849
COMMISSARIAT A L' ENERGIE  ATOMIQUE ET AUX ENERGIES ALTERNATIVES,EPIC,2022,1940
COMMISSARIAT A L' ENERGIE  ATOMIQUE ET AUX ENERGIES ALTERNATIVES,EPIC,2023,1980
COMMUNAUTE D'UNIVERSITES ET D'ETABLISSEMENTS UNIVERSITE FEDERALE DE TOULOUSE MIDI -PYRENEES,EPSCP,2021,702
COMMUNAUTE D'UNIVERSITES ET D'ETABLISSEMENTS UNIVERSITE FEDERALE DE TOULOUSE MIDI -PYRENEES,EPSCP,2022,754
COMMUNAUTE D'UNIVERSITES ET D'ETABLISSEMENTS UNIVERSITE FEDERALE DE TOULOUSE MIDI -PYRENEES,EPSCP,2023,781
COMMUNAUTE D'UNIVERSITES ET ETABLISSEMENTS NORMANDIE UNIVERSITE - établissement expérimental,EPSCP,2021,364
COMMUNAUTE D'UNIVERSITES ET ETABLISSEMENTS NORMANDIE UNIVERSITE - établissement expérimental,EPSCP,2022,378
COMMUNAUTE D'UNIVERSITES ET ETABLISSEMENTS NORMANDIE UNIVERSITE - établissement expérimental,EPSCP,2023,427
expérimental,EPSCP,2021,375
expérimental,EPSCP,2022,415
expérimental,EPSCP,2023,504
COMMUNAUTE D'UNIVERSITES ET ETABLISSEMENTS UNIVERSITE DE LYON,EPSCP,2021,688
COMMUNAUTE D'UNIVERSITES ET ETABLISSEMENTS UNIVERSITE DE LYON,EPSCP,2022,711
COMMUNAUTE D'UNIVERSITES ET ETABLISSEMENTS UNIVERSITE DE LYON,EPSCP,2023,785
CONSEIL NATIONAL DES ACTIVITES PRIVEES DE SECURITE,EPA,2021,984
CONSEIL NATIONAL DES ACTIVITES PRIVEES DE SECURITE,EPA,2022,1018
CONSEIL NATIONAL DES ACTIVITES PRIVEES DE SECURITE,EPA,2023,924
CONSEIL NATIONAL DES COMMUNES COMPAGNON DE LA LIBERATION,EPA,2021,563
CONSEIL NATIONAL DES COMMUNES COMPAGNON DE LA LIBERATION,EPA,2022,630
CONSEIL NATIONAL DES COMMUNES COMPAGNON DE LA LIBERATION,EPA,2023,630
CONSERVATOIRE DE L'ESPACE LITTORAL ET DES RIVAGES LACUSTRES,EPA,2021,878
CONSERVATOIRE DE L'ESPACE LITTORAL ET DES RIVAGES LACUSTRES,EPA,2022,970
CONSERVATOIRE DE L'ESPACE LITTORAL ET DES RIVAGES LACUSTRES,EPA,2023,939
CONSERVATOIRE NATIONAL DES ARTS ET METIERS,EPSCP,2021,1071
CONSERVATOIRE NATIONAL DES ARTS ET METIERS,EPSCP,2022,1042
CONSERVATOIRE NATIONAL DES ARTS ET METIERS,EPSCP,2023,1138
CONSERVATOIRE NATIONAL SUPERIEUR D'ART DRAMATIQUE,EPA,2021,544
CONSERVATOIRE NATIONAL SUPERIEUR D'ART DRAMATIQUE,EPA,2022,562
CONSERVATOIRE NATIONAL SUPERIEUR D'ART DRAMATIQUE,EPA,2023,539
CONSERVATOIRE NATIONAL SUPERIEUR DE MUSIQUE ET DE DANSE DE LYON,EPA,2021,625
CONSERVATOIRE NATIONAL SUPERIEUR DE MUSIQUE ET DE DANSE DE LYON,EPA,2022,634
CONSERVATOIRE NATIONAL SUPERIEUR DE MUSIQUE ET DE DANSE DE LYON,EPA,2023,667
CONSERVATOIRE NATIONAL SUPERIEUR DE MUSIQUE ET DE DANSE DE PARIS,EPA,2021,752
CONSERVATOIRE NATIONAL SUPERIEUR DE MUSIQUE ET DE DANSE DE PARIS,EPA,2022,799
CONSERVATOIRE NATIONAL SUPERIEUR DE MUSIQUE ET DE DANSE DE PARIS,EPA,2023,830
CY CERGY PARIS UNIVERSITE - établissement public expérimental,EPSCP,2021,1162
CY CERGY PARIS UNIVERSITE - établissement public expérimental,EPSCP,2022,1191
CY CERGY PARIS UNIVERSITE - établissement public expérimental,EPSCP,2023,1208
ECOLE CENTRALE DE LYON,EPSCP,2021,912
ECOLE CENTRALE DE LYON,EPSCP,2022,930
ECOLE CENTRALE DE LYON,EPSCP,2023,951
ECOLE CENTRALE DE MARSEILLE,EPSCP,2021,904
ECOLE CENTRALE DE MARSEILLE,EPSCP,2022,901
ECOLE CENTRALE DE MARSEILLE,EPSCP,2023,915
ECOLE CENTRALE DE NANTES,EPSCP,2021,961
ECOLE CENTRALE DE NANTES,EPSCP,2022,1002
ECOLE CENTRALE DE NANTES,EPSCP,2023,1044
ECOLE DE L'AIR ET DE L'ESPACE,EPSCP,2021,1531
ECOLE DE L'AIR ET DE L'ESPACE,EPSCP,2022,1553
ECOLE DE L'AIR ET DE L'ESPACE,EPSCP,2023,1593
ECOLE DES HAUTES ETUDES EN SCIENCES SOCIALES,EPSCP,2021,922
ECOLE DES HAUTES ETUDES EN SCIENCES SOCIALES,EPSCP,2022,946
ECOLE DES HAUTES ETUDES EN SCIENCES SOCIALES,EPSCP,2023,915
ECOLE DU LOUVRE,EPA,2021,614
ECOLE DU LOUVRE,EPA,2022,648
ECOLE DU LOUVRE,EPA,2023,668
ECOLE NATIONALE D'ADMINISTRATION PENITENTIAIRE,EPA,2021,719
ECOLE NATIONALE D'ADMINISTRATION PENITENTIAIRE,EPA,2022,700
ECOLE NATIONALE D'ADMINISTRATION PENITENTIAIRE,EPA,2023,792
ECOLE NATIONALE D'INGENIEURS DE BREST,EPA,2021,650
ECOLE NATIONALE D'INGENIEURS DE BREST,EPA,2022,668
ECOLE NATIONALE D'INGENIEURS DE BREST,EPA,2023,683
ECOLE NATIONALE DE L'AVIATION CIVILE,EPSCP,2021,1310
ECOLE NATIONALE DE L'AVIATION CIVILE,EPSCP,2022,1304
ECOLE NATIONALE DE L'AVIATION CIVILE,EPSCP,2023,1383
ECOLE NATIONALE DE LA MAGISTRATURE,EPA,2021,1067
ECOLE NATIONALE DE LA MAGISTRATURE,EPA,2022,1080
ECOLE NATIONALE DE LA MAGISTRATURE,EPA,2023,1117
ECOLE NATIONALE DE VOILE ET DES SPORTS NAUTIQUES,EPA,2021,558
ECOLE NATIONALE DE VOILE ET DES SPORTS NAUTIQUES,EPA,2022,583
ECOLE NATIONALE DE VOILE ET DES SPORTS NAUTIQUES,EPA,2023,626
ECOLE NATIONALE DES CHARTES,EPSCP,2021,776
ECOLE NATIONALE DES CHARTES,EPSCP,2022,794
ECOLE NATIONALE DES CHARTES,EPSCP,2023,834
ECOLE NATIONALE DES PONTS ET CHAUSSEES,EPSCP,2021,1260
ECOLE NATIONALE DES PONTS ET CHAUSSEES,EPSCP,2022,1485
ECOLE NATIONALE DES PONTS ET CHAUSSEES,EPSCP,2023,1312
ECOLE NATIONALE DES SPORTS DE MONTAGNE,EPA,2021,649
ECOLE NATIONALE DES SPORTS DE MONTAGNE,EPA,2022,652
ECOLE NATIONALE DES SPORTS DE MONTAGNE,EPA,2023,686
ECOLE NATIONALE DES TRAVAUX PUBLICS DE L'ETAT,EPSCP,2021,930
ECOLE NATIONALE DES TRAVAUX PUBLICS DE L'ETAT,EPSCP,2022,1183
ECOLE NATIONALE DES TRAVAUX PUBLICS DE L'ETAT,EPSCP,2023,996
ECOLE NATIONALE DU GENIE DE L'EAU ET DE L'ENVIRONNEMENT DE STRASBOURG,EPA,2021,1471
ECOLE NATIONALE DU GENIE DE L'EAU ET DE L'ENVIRONNEMENT DE STRASBOURG,EPA,2022,1404
ECOLE NATIONALE DU GENIE DE L'EAU ET DE L'ENVIRONNEMENT DE STRASBOURG,EPA,2023,838
ECOLE NATIONALE SUPERIEURE BEAUX -ARTS,EPA,2021,788
ECOLE NATIONALE SUPERIEURE BEAUX -ARTS,EPA,2022,740
ECOLE NATIONALE SUPERIEURE BEAUX -ARTS,EPA,2023,784
ECOLE NATIONALE SUPERIEURE D ARCHITECTURE DE BRETAGNE,EPA,2021,621
ECOLE NATIONALE SUPERIEURE D ARCHITECTURE DE BRETAGNE,EPA,2022,630
ECOLE NATIONALE SUPERIEURE D ARCHITECTURE DE BRETAGNE,EPA,2023,663
ECOLE NATIONALE SUPERIEURE D ARCHITECTURE DE CLERMONT -FERRAND,EPA,2021,574
ECOLE NATIONALE SUPERIEURE D ARCHITECTURE DE CLERMONT -FERRAND,EPA,2022,596
ECOLE NATIONALE SUPERIEURE D ARCHITECTURE DE CLERMONT -FERRAND,EPA,2023,609
ECOLE NATIONALE SUPERIEURE D ARCHITECTURE DE GRENOBLE,EPA,2021,657
ECOLE NATIONALE SUPERIEURE D ARCHITECTURE DE GRENOBLE,EPA,2022,658
ECOLE NATIONALE SUPERIEURE D ARCHITECTURE DE GRENOBLE,EPA,2023,668
ECOLE NATIONALE SUPERIEURE D ARCHITECTURE DE LYON,EPA,2021,604
ECOLE NATIONALE SUPERIEURE D ARCHITECTURE DE LYON,EPA,2022,647
ECOLE NATIONALE SUPERIEURE D ARCHITECTURE DE LYON,EPA,2023,680
ECOLE NATIONALE SUPERIEURE D ARCHITECTURE DE MARNE -VALLEE,EPA,2021,620
ECOLE NATIONALE SUPERIEURE D ARCHITECTURE DE MARNE -VALLEE,EPA,2022,621
ECOLE NATIONALE SUPERIEURE D ARCHITECTURE DE MARNE -VALLEE,EPA,2023,628
ECOLE NATIONALE SUPERIEURE D ARCHITECTURE DE MARSEILLE,EPA,2021,591
ECOLE NATIONALE SUPERIEURE D ARCHITECTURE DE MARSEILLE,EPA,2022,623
ECOLE NATIONALE SUPERIEURE D ARCHITECTURE DE MARSEILLE,EPA,2023,667
ECOLE NATIONALE SUPERIEURE D ARCHITECTURE DE MONTPELLIER,EPA,2021,596
ECOLE NATIONALE SUPERIEURE D ARCHITECTURE DE MONTPELLIER,EPA,2022,661
ECOLE NATIONALE SUPERIEURE D ARCHITECTURE DE MONTPELLIER,EPA,2023,706
ECOLE NATIONALE SUPERIEURE D ARCHITECTURE DE NANCY,EPA,2021,567
ECOLE NATIONALE SUPERIEURE D ARCHITECTURE DE NANCY,EPA,2022,591
ECOLE NATIONALE SUPERIEURE D ARCHITECTURE DE NANCY,EPA,2023,606
ECOLE NATIONALE SUPERIEURE D ARCHITECTURE DE NANTES,EPA,2021,602
ECOLE NATIONALE SUPERIEURE D ARCHITECTURE DE NANTES,EPA,2022,639
ECOLE NATIONALE SUPERIEURE D ARCHITECTURE DE NANTES,EPA,2023,713
ECOLE NATIONALE SUPERIEURE D ARCHITECTURE DE NORMANDIE,EPA,2021,574
ECOLE NATIONALE SUPERIEURE D ARCHITECTURE DE NORMANDIE,EPA,2022,596
ECOLE NATIONALE SUPERIEURE D ARCHITECTURE DE NORMANDIE,EPA,2023,634
ECOLE NATIONALE SUPERIEURE D ARCHITECTURE DE PARIS BELLEVILLE,EPA,2021,733
ECOLE NATIONALE SUPERIEURE D ARCHITECTURE DE PARIS BELLEVILLE,EPA,2022,711
ECOLE NATIONALE SUPERIEURE D ARCHITECTURE DE PARIS BELLEVILLE,EPA,2023,836
ECOLE NATIONALE SUPERIEURE D ARCHITECTURE  DE PARIS LA VILLETTE,EPA,2021,680
ECOLE NATIONALE SUPERIEURE D ARCHITECTURE  DE PARIS LA VILLETTE,EPA,2022,753
ECOLE NATIONALE SUPERIEURE D ARCHITECTURE  DE PARIS LA VILLETTE,EPA,2023,793
ECOLE NATIONALE SUPERIEURE D ARCHITECTURE DE PARIS MALAQUAIS,EPA,2021,672
ECOLE NATIONALE SUPERIEURE D ARCHITECTURE DE PARIS MALAQUAIS,EPA,2022,651
ECOLE NATIONALE SUPERIEURE D ARCHITECTURE DE PARIS MALAQUAIS,EPA,2023,708
ECOLE NATIONALE SUPERIEURE D ARCHITECTURE DE PARIS VAL DE SEINE,EPA,2021,672
ECOLE NATIONALE SUPERIEURE D ARCHITECTURE DE PARIS VAL DE SEINE,EPA,2022,669
ECOLE NATIONALE SUPERIEURE D ARCHITECTURE DE PARIS VAL DE SEINE,EPA,2023,712
ECOLE NATIONALE SUPERIEURE D ARCHITECTURE DE ST -ETIENNE,EPA,2021,499
ECOLE NATIONALE SUPERIEURE D ARCHITECTURE DE ST -ETIENNE,EPA,2022,540
ECOLE NATIONALE SUPERIEURE D ARCHITECTURE DE ST -ETIENNE,EPA,2023,554
ECOLE NATIONALE SUPERIEURE D ARCHITECTURE DE STRASBOURG,EPA,2021,615
ECOLE NATIONALE SUPERIEURE D ARCHITECTURE DE STRASBOURG,EPA,2022,663
ECOLE NATIONALE SUPERIEURE D ARCHITECTURE DE STRASBOURG,EPA,2023,668
ECOLE NATIONALE SUPERIEURE D ARCHITECTURE DE TOULOUSE,EPA,2021,640
ECOLE NATIONALE SUPERIEURE D ARCHITECTURE DE TOULOUSE,EPA,2022,671
ECOLE NATIONALE SUPERIEURE D ARCHITECTURE DE TOULOUSE,EPA,2023,679
ECOLE NATIONALE SUPERIEURE D ARCHITECTURE DE VERSAILLES,EPA,2021,602
ECOLE NATIONALE SUPERIEURE D ARCHITECTURE DE VERSAILLES,EPA,2022,626
ECOLE NATIONALE SUPERIEURE D ARCHITECTURE DE VERSAILLES,EPA,2023,638
ECOLE NATIONALE SUPERIEURE D ARCHITECTURE  ET DE PAYSAGE DE BORDEAUX,EPA,2021,653
ECOLE NATIONALE SUPERIEURE D ARCHITECTURE  ET DE PAYSAGE DE BORDEAUX,EPA,2022,684
ECOLE NATIONALE SUPERIEURE D ARCHITECTURE  ET DE PAYSAGE DE BORDEAUX,EPA,2023,684
ECOLE NATIONALE SUPERIEURE D ARCHITECTURE ET DE PAYSAGE DE LILLE,EPA,2021,633
ECOLE NATIONALE SUPERIEURE D ARCHITECTURE ET DE PAYSAGE DE LILLE,EPA,2022,637
ECOLE NATIONALE SUPERIEURE D ARCHITECTURE ET DE PAYSAGE DE LILLE,EPA,2023,685
ECOLE NATIONALE SUPERIEURE D' INFORMATIQUE  POUR L' INDUSTRIE ET L' ENTREPRISE,EPA,2021,733
ECOLE NATIONALE SUPERIEURE D' INFORMATIQUE  POUR L' INDUSTRIE ET L' ENTREPRISE,EPA,2022,781
ECOLE NATIONALE SUPERIEURE D' INFORMATIQUE  POUR L' INDUSTRIE ET L' ENTREPRISE,EPA,2023,782
ECOLE NATIONALE SUPERIEURE D'ART DE BOURGES,EPA,2021,527
ECOLE NATIONALE SUPERIEURE D'ART DE BOURGES,EPA,2022,786
ECOLE NATIONALE SUPERIEURE D'ART DE BOURGES,EPA,2023,566
ECOLE NATIONALE SUPERIEURE D'ART DE CERGY,EPA,2021,595
ECOLE NATIONALE SUPERIEURE D'ART DE CERGY,EPA,2022,592
ECOLE NATIONALE SUPERIEURE D'ART DE CERGY,EPA,2023,564
ECOLE NATIONALE SUPERIEURE D'ART DE DIJON,EPA,2021,514
ECOLE NATIONALE SUPERIEURE D'ART DE DIJON,EPA,2022,569
ECOLE NATIONALE SUPERIEURE D'ART DE DIJON,EPA,2023,507
ECOLE NATIONALE SUPERIEURE D'ART DE LIMOGES -AUBUSSON,EPA,2021,468
ECOLE NATIONALE SUPERIEURE D'ART DE LIMOGES -AUBUSSON,EPA,2022,525
ECOLE NATIONALE SUPERIEURE D'ART DE LIMOGES -AUBUSSON,EPA,2023,557
ECOLE NATIONALE SUPERIEURE D'ART DE NANCY,EPA,2021,557
ECOLE NATIONALE SUPERIEURE D'ART DE NANCY,EPA,2022,579
ECOLE NATIONALE SUPERIEURE D'ART DE NANCY,EPA,2023,598
ECOLE NATIONALE SUPERIEURE DE CHIMIE DE MONTPELLIER,EPA,2021,813
ECOLE NATIONALE SUPERIEURE DE CHIMIE DE MONTPELLIER,EPA,2022,864
ECOLE NATIONALE SUPERIEURE DE CHIMIE DE MONTPELLIER,EPA,2023,899
ECOLE NATIONALE SUPERIEURE DE CHIMIE DE PARIS,EPSCP,2021,871
ECOLE NATIONALE SUPERIEURE DE CHIMIE DE PARIS,EPSCP,2022,798
ECOLE NATIONALE SUPERIEURE DE CHIMIE DE PARIS,EPSCP,2023,887
ECOLE NATIONALE SUPERIEURE DE CHIMIE DE RENNES,EPA,2021,774
ECOLE NATIONALE SUPERIEURE DE CHIMIE DE RENNES,EPA,2022,856
ECOLE NATIONALE SUPERIEURE DE CHIMIE DE RENNES,EPA,2023,811
ECOLE NATIONALE SUPERIEURE DE CREATION INDUSTRIELLE,EPIC,2021,673
ECOLE NATIONALE SUPERIEURE DE CREATION INDUSTRIELLE,EPIC,2022,700
ECOLE NATIONALE SUPERIEURE DE CREATION INDUSTRIELLE,EPIC,2023,676
ECOLE NATIONALE SUPERIEURE DE FORMATION DE L'ENSEIGNEMENT AGRICOLE,EPA,2021,1222
ECOLE NATIONALE SUPERIEURE DE FORMATION DE L'ENSEIGNEMENT AGRICOLE,EPA,2022,1323
ECOLE NATIONALE SUPERIEURE DE FORMATION DE L'ENSEIGNEMENT AGRICOLE,EPA,2023,806
ECOLE NATIONALE SUPERIEURE DE L'ELECTRONIQUE ET DE SES APPLICATIONS,EPA,2021,703
ECOLE NATIONALE SUPERIEURE DE L'ELECTRONIQUE ET DE SES APPLICATIONS,EPA,2022,717
ECOLE NATIONALE SUPERIEURE DE L'ELECTRONIQUE ET DE SES APPLICATIONS,EPA,2023,772
ECOLE NATIONALE SUPERIEURE DE LA PHOTOGRAPHIE,EPA,2021,490
ECOLE NATIONALE SUPERIEURE DE LA PHOTOGRAPHIE,EPA,2022,492
ECOLE NATIONALE SUPERIEURE DE LA PHOTOGRAPHIE,EPA,2023,502
ECOLE NATIONALE SUPERIEURE DE LA POLICE,EPA,2021,1696
ECOLE NATIONALE SUPERIEURE DE LA POLICE,EPA,2022,1634
ECOLE NATIONALE SUPERIEURE DE LA POLICE,EPA,2023,833
ECOLE NATIONALE SUPERIEURE DE MECANIQUE ET DES MICROTECHNIQUES,EPSCP,2021,765
ECOLE NATIONALE SUPERIEURE DE MECANIQUE ET DES MICROTECHNIQUES,EPSCP,2022,888
ECOLE NATIONALE SUPERIEURE DE MECANIQUE ET DES MICROTECHNIQUES,EPSCP,2023,908
ECOLE NATIONALE SUPERIEURE DE TECHNIQUES AVANCEES DE BRETAGNE,EPSCP,2021,786
ECOLE NATIONALE SUPERIEURE DE TECHNIQUES AVANCEES DE BRETAGNE,EPSCP,2022,794
ECOLE NATIONALE SUPERIEURE DE TECHNIQUES AVANCEES DE BRETAGNE,EPSCP,2023,843
ECOLE NATIONALE SUPERIEURE DE TECHNIQUES AVANCEES,EPSCP,2021,977
ECOLE NATIONALE SUPERIEURE DE TECHNIQUES AVANCEES,EPSCP,2022,981
ECOLE NATIONALE SUPERIEURE DE TECHNIQUES AVANCEES,EPSCP,2023,1093
ECOLE NATIONALE SUPERIEURE DES ARTS DECORATIFS,EPA,2021,739
ECOLE NATIONALE SUPERIEURE DES ARTS DECORATIFS,EPA,2022,774
ECOLE NATIONALE SUPERIEURE DES ARTS DECORATIFS,EPA,2023,783
ECOLE NATIONALE SUPERIEURE DES ARTS ET INDUSTRIES TEXTILES,EPSCP,2021,714
ECOLE NATIONALE SUPERIEURE DES ARTS ET INDUSTRIES TEXTILES,EPSCP,2022,760
ECOLE NATIONALE SUPERIEURE DES ARTS ET INDUSTRIES TEXTILES,EPSCP,2023,744
ECOLE NATIONALE SUPERIEURE DES ARTS ET METIERS (ENSAM),EPSCP,2021,1194
ECOLE NATIONALE SUPERIEURE DES ARTS ET METIERS (ENSAM),EPSCP,2022,1182
ECOLE NATIONALE SUPERIEURE DES ARTS ET METIERS (ENSAM),EPSCP,2023,1138
ECOLE NATIONALE SUPERIEURE DES ARTS ET TECHNIQUES DU THEATRE,EPA,2021,586
ECOLE NATIONALE SUPERIEURE DES ARTS ET TECHNIQUES DU THEATRE,EPA,2022,633
ECOLE NATIONALE SUPERIEURE DES ARTS ET TECHNIQUES DU THEATRE,EPA,2023,643
ECOLE NATIONALE SUPERIEURE DES SCIENCES AGRONOMIQUES DE BORDEAUX AQUITAINE BORDEAUX SCIENCES AGRO,EPA,2021,1459
ECOLE NATIONALE SUPERIEURE DES SCIENCES AGRONOMIQUES DE BORDEAUX AQUITAINE BORDEAUX SCIENCES AGRO,EPA,2022,1508
ECOLE NATIONALE SUPERIEURE DES SCIENCES AGRONOMIQUES DE BORDEAUX AQUITAINE BORDEAUX SCIENCES AGRO,EPA,2023,881
ECOLE NATIONALE SUPERIEURE DES SCIENCES DE L'INFORMATION ET DES BIBLIOTHEQUES,EPSCP,2021,701
ECOLE NATIONALE SUPERIEURE DES SCIENCES DE L'INFORMATION ET DES BIBLIOTHEQUES,EPSCP,2022,723
ECOLE NATIONALE SUPERIEURE DES SCIENCES DE L'INFORMATION ET DES BIBLIOTHEQUES,EPSCP,2023,731
ECOLE NATIONALE SUPERIEURE DU PAYSAGE,EPA,2021,1035
ECOLE NATIONALE SUPERIEURE DU PAYSAGE,EPA,2022,1185
ECOLE NATIONALE SUPERIEURE DU PAYSAGE,EPA,2023,754
ECOLE NATIONALE SUPERIEURE INGENIEURS DE CAEN,EPSCP,2021,811
ECOLE NATIONALE SUPERIEURE INGENIEURS DE CAEN,EPSCP,2022,845
ECOLE NATIONALE SUPERIEURE INGENIEURS DE CAEN,EPSCP,2023,865
ECOLE NATIONALE SUPERIEURE LOUIS LUMIERE,EPA,2021,659
ECOLE NATIONALE SUPERIEURE LOUIS LUMIERE,EPA,2022,701
ECOLE NATIONALE SUPERIEURE LOUIS LUMIERE,EPA,2023,731
ECOLE NATIONALE SUPERIEURE MARITIME,EPSCP,2021,876
ECOLE NATIONALE SUPERIEURE MARITIME,EPSCP,2022,939
ECOLE NATIONALE SUPERIEURE MARITIME,EPSCP,2023,1372
ECOLE NATIONALE SUPERIEURE MECANIQUE ET AEROTECHNIQUE,EPSCP,2021,805
ECOLE NATIONALE SUPERIEURE MECANIQUE ET AEROTECHNIQUE,EPSCP,2022,809
ECOLE NATIONALE SUPERIEURE MECANIQUE ET AEROTECHNIQUE,EPSCP,2023,855
ECOLE NATIONALE SUPRIEURE DES METIERS DE L'IMAGE ET DU SON,EPIC,2021,705
ECOLE NATIONALE SUPRIEURE DES METIERS DE L'IMAGE ET DU SON,EPIC,2022,773
ECOLE NATIONALE SUPRIEURE DES METIERS DE L'IMAGE ET DU SON,EPIC,2023,779
ECOLE NATIONALE VETERINAIRE AGROALIMENTAIRE ET DE L'ALIMENTATION NANTES ATLANTIQUE,EPSCP,2021,1529
ECOLE NATIONALE VETERINAIRE AGROALIMENTAIRE ET DE L'ALIMENTATION NANTES ATLANTIQUE,EPSCP,2022,1603
ECOLE NATIONALE VETERINAIRE AGROALIMENTAIRE ET DE L'ALIMENTATION NANTES ATLANTIQUE,EPSCP,2023,942
ECOLE NATIONALE VETERINAIRE D'ALFORT,EPA,2021,1503
ECOLE NATIONALE VETERINAIRE D'ALFORT,EPA,2022,1567
ECOLE NATIONALE VETERINAIRE D'ALFORT,EPA,2023,915
ECOLE NATIONALE VETERINAIRE DE TOULOUSE,EPA,2021,1472
ECOLE NATIONALE VETERINAIRE DE TOULOUSE,EPA,2022,1554
ECOLE NATIONALE VETERINAIRE DE TOULOUSE,EPA,2023,913
ECOLE NAVALE,EPSCP,2021,1567
ECOLE NAVALE,EPSCP,2022,1558
ECOLE NAVALE,EPSCP,2023,1764
ECOLE NORMALE SUPERIEURE DE LYON,EPSCP,2021,913
ECOLE NORMALE SUPERIEURE DE LYON,EPSCP,2022,902
ECOLE NORMALE SUPERIEURE DE LYON,EPSCP,2023,951
ECOLE NORMALE SUPERIEURE DE RENNES,EPSCP,2021,770
ECOLE NORMALE SUPERIEURE DE RENNES,EPSCP,2022,810
ECOLE NORMALE SUPERIEURE DE RENNES,EPSCP,2023,811
ECOLE NORMALE SUPERIEURE PARIS -SACLAY,EPSCP,2021,924
ECOLE NORMALE SUPERIEURE PARIS -SACLAY,EPSCP,2022,910
ECOLE NORMALE SUPERIEURE PARIS -SACLAY,EPSCP,2023,955
ECOLE NORMALE SUPERIEURE,EPSCP,2021,1002
ECOLE NORMALE SUPERIEURE,EPSCP,2022,1050
ECOLE NORMALE SUPERIEURE,EPSCP,2023,1090
ECOLE POLYTECHNIQUE,EPSCP,2021,1539
ECOLE POLYTECHNIQUE,EPSCP,2022,1350
ECOLE POLYTECHNIQUE,EPSCP,2023,1314
ECOLE PRATIQUE DES HAUTES ETUDES,EPSCP,2021,892
ECOLE PRATIQUE DES HAUTES ETUDES,EPSCP,2022,911
ECOLE PRATIQUE DES HAUTES ETUDES,EPSCP,2023,941
ENSEMBLE INTERCONTEMPORAIN,Association,2021,749
ENSEMBLE INTERCONTEMPORAIN,Association,2022,799
ENSEMBLE INTERCONTEMPORAIN,Association,2023,724
EPA VILLA ARSON,EPA,2021,538
EPA VILLA ARSON,EPA,2022,563
EPA VILLA ARSON,EPA,2023,602
ETABLISSEMENT DE COMMUNICATION ET DE PRODUCTION AUDIOVISUELLE DE LA DEFENSE,EPA,2021,854
ETABLISSEMENT DE COMMUNICATION ET DE PRODUCTION AUDIOVISUELLE DE LA DEFENSE,EPA,2022,837
ETABLISSEMENT DE COMMUNICATION ET DE PRODUCTION AUDIOVISUELLE DE LA DEFENSE,EPA,2023,0
ETABLISSEMENT NATIONAL DES INVALIDES DE LA MARINE,EPA,2021,927
ETABLISSEMENT NATIONAL DES INVALIDES DE LA MARINE,EPA,2022,917
ETABLISSEMENT NATIONAL DES INVALIDES DE LA MARINE,EPA,2023,920
ETABLISSEMENT NATIONAL DES PRODUITS DE L'AGRICULTURE ET DE LA MER FRANCEAGRIMER,EPA,2021,1112
ETABLISSEMENT NATIONAL DES PRODUITS DE L'AGRICULTURE ET DE LA MER FRANCEAGRIMER,EPA,2022,1203
ETABLISSEMENT NATIONAL DES PRODUITS DE L'AGRICULTURE ET DE LA MER FRANCEAGRIMER,EPA,2023,1217
ETABLISSEMENT POUR L'INSERTION DANS L'EMPLOI,EPA,2021,904
ETABLISSEMENT POUR L'INSERTION DANS L'EMPLOI,EPA,2022,836
ETABLISSEMENT POUR L'INSERTION DANS L'EMPLOI,EPA,2023,1111
ETABLISSEMENT PUBLIC CAMPUS CONDORCET,EPA,2021,494
ETABLISSEMENT PUBLIC CAMPUS CONDORCET,EPA,2022,0
ETABLISSEMENT PUBLIC CAMPUS CONDORCET,EPA,2023,469
PARIS,EPA,2021,918
PARIS,EPA,2022,876
PARIS,EPA,2023,952
ETABLISSEMENT PUBLIC D'AMENAGEMENT UNIVERSITAIRE DE LA REGION ILE DE FRANCE,EPA,2021,1200
ETABLISSEMENT PUBLIC D'AMENAGEMENT UNIVERSITAIRE DE LA REGION ILE DE FRANCE,EPA,2022,1185
ETABLISSEMENT PUBLIC D'AMENAGEMENT UNIVERSITAIRE DE LA REGION ILE DE FRANCE,EPA,2023,0
ETABLISSEMENT PUBLIC DE LA CITE DE LA CERAMIQUE -SEVRES ET LIMOGES,EPA,2021,621
ETABLISSEMENT PUBLIC DE LA CITE DE LA CERAMIQUE -SEVRES ET LIMOGES,EPA,2022,716
ETABLISSEMENT PUBLIC DE LA CITE DE LA CERAMIQUE -SEVRES ET LIMOGES,EPA,2023,721
ETABLISSEMENT PUBLIC DE LA CITE DE LA MUSIQUE - PHILHARMONIE DE PARIS,EPIC,2021,1321
ETABLISSEMENT PUBLIC DE LA CITE DE LA MUSIQUE - PHILHARMONIE DE PARIS,EPIC,2022,1291
ETABLISSEMENT PUBLIC DE LA CITE DE LA MUSIQUE - PHILHARMONIE DE PARIS,EPIC,2023,1314
ETABLISSEMENT PUBLIC DE LA REUNION DES MUSEES NATIONAUX ET DU GRAND PALAIS DES CHAMPS -ELYSEES,EPIC,2021,1336
ETABLISSEMENT PUBLIC DE LA REUNION DES MUSEES NATIONAUX ET DU GRAND PALAIS DES CHAMPS -ELYSEES,EPIC,2022,1344
ETABLISSEMENT PUBLIC DE LA REUNION DES MUSEES NATIONAUX ET DU GRAND PALAIS DES CHAMPS -ELYSEES,EPIC,2023,1225
ETABLISSEMENT PUBLIC DE SECURITE FERROVIAIRE,EPA,2021,1133
ETABLISSEMENT PUBLIC DE SECURITE FERROVIAIRE,EPA,2022,1249
ETABLISSEMENT PUBLIC DE SECURITE FERROVIAIRE,EPA,2023,1250
ETABLISSEMENT PUBLIC DU CHATEAU DE FONTAINEBLEAU,EPA,2021,720
ETABLISSEMENT PUBLIC DU CHATEAU DE FONTAINEBLEAU,EPA,2022,811
ETABLISSEMENT PUBLIC DU CHATEAU DE FONTAINEBLEAU,EPA,2023,873
ETABLISSEMENT PUBLIC DU MONT -SAINT -MICHEL,EPIC,2021,134
ETABLISSEMENT PUBLIC DU MONT -SAINT -MICHEL,EPIC,2022,569
ETABLISSEMENT PUBLIC DU MONT -SAINT -MICHEL,EPIC,2023,633
ETABLISSEMENT PUBLIC DU MUSEE D'ORSAY ET DU MUSEE DE L'ORANGERIE,EPA,2021,916
ETABLISSEMENT PUBLIC DU MUSEE D'ORSAY ET DU MUSEE DE L'ORANGERIE,EPA,2022,917
ETABLISSEMENT PUBLIC DU MUSEE D'ORSAY ET DU MUSEE DE L'ORANGERIE,EPA,2023,995
ETABLISSEMENT PUBLIC DU MUSEE DES ARTS ASIATIQUES GUIMET,EPA,2021,754
ETABLISSEMENT PUBLIC DU MUSEE DES ARTS ASIATIQUES GUIMET,EPA,2022,803
ETABLISSEMENT PUBLIC DU MUSEE DES ARTS ASIATIQUES GUIMET,EPA,2023,814
ETABLISSEMENT PUBLIC DU MUSEE DU LOUVRE,EPA,2021,1066
ETABLISSEMENT PUBLIC DU MUSEE DU LOUVRE,EPA,2022,1134
ETABLISSEMENT PUBLIC DU MUSEE DU LOUVRE,EPA,2023,1275
ETABLISSEMENT PUBLIC DU MUSEE DU QUAI BRANLY,EPA,2021,950
ETABLISSEMENT PUBLIC DU MUSEE DU QUAI BRANLY,EPA,2022,967
ETABLISSEMENT PUBLIC DU MUSEE DU QUAI BRANLY,EPA,2023,1037
ETABLISSEMENT PUBLIC DU MUSEE ET DU DOMAINE NATIONAL DE VERSAILLES,EPA,2021,1159
ETABLISSEMENT PUBLIC DU MUSEE ET DU DOMAINE NATIONAL DE VERSAILLES,EPA,2022,1223
ETABLISSEMENT PUBLIC DU MUSEE ET DU DOMAINE NATIONAL DE VERSAILLES,EPA,2023,1259
ETABLISSEMENT PUBLIC DU MUSEE NATIONAL JEAN JACQUES HENNER ET DU MUSEE NATIONAL GUSTAVE MOREAU,EPA,2021,480
ETABLISSEMENT PUBLIC DU MUSEE NATIONAL JEAN JACQUES HENNER ET DU MUSEE NATIONAL GUSTAVE MOREAU,EPA,2022,525
ETABLISSEMENT PUBLIC DU MUSEE NATIONAL JEAN JACQUES HENNER ET DU MUSEE NATIONAL GUSTAVE MOREAU,EPA,2023,506
ETABLISSEMENT PUBLIC DU PALAIS DE LA PORTE DOREE,EPA,2021,708
ETABLISSEMENT PUBLIC DU PALAIS DE LA PORTE DOREE,EPA,2022,788
ETABLISSEMENT PUBLIC DU PALAIS DE LA PORTE DOREE,EPA,2023,868
ETABLISSEMENT PUBLIC DU PARC ET DE LA GRANDE HALLE DE LA VILLETTE,EPIC,2021,937
ETABLISSEMENT PUBLIC DU PARC ET DE LA GRANDE HALLE DE LA VILLETTE,EPIC,2022,923
ETABLISSEMENT PUBLIC DU PARC ET DE LA GRANDE HALLE DE LA VILLETTE,EPIC,2023,907
FRANCE COMPETENCES,sui generis,2021,1248
FRANCE COMPETENCES,sui generis,2022,1149
FRANCE COMPETENCES,sui generis,2023,1184
FRANCE EDUCATION INTERNATIONAL,EPA,2021,828
FRANCE EDUCATION INTERNATIONAL,EPA,2022,844
FRANCE EDUCATION INTERNATIONAL,EPA,2023,798
France Travail,EPA,2021,1800
France Travail,EPA,2022,1805
France Travail,EPA,2023,1720
GENOPOLE,GIP,2021,914
GENOPOLE,GIP,2022,847
GENOPOLE,GIP,2023,865
GIP Les entreprises s’engagent,GIP,2021,0
GIP Les entreprises s’engagent,GIP,2022,1485
GIP Les entreprises s’engagent,GIP,2023,0
GIP Plateforme de l’inclusion,GIP,2021,0
GIP Plateforme de l’inclusion,GIP,2022,623
GIP Plateforme de l’inclusion,GIP,2023,738
GRANDE CHANCELLERIE DE LA LEGION D'HONNEUR,sui generis,2021,861
GRANDE CHANCELLERIE DE LA LEGION D'HONNEUR,sui generis,2022,898
GRANDE CHANCELLERIE DE LA LEGION D'HONNEUR,sui generis,2023,841
GROUPE DES ECOLES NATIONALES D'ECONOMIE ET DE STATISTIQUE,EPSCP,2021,1228
GROUPE DES ECOLES NATIONALES D'ECONOMIE ET DE STATISTIQUE,EPSCP,2022,0
GROUPE DES ECOLES NATIONALES D'ECONOMIE ET DE STATISTIQUE,EPSCP,2023,0
INSTITUT D ETUDES POLITIQUES - LILLE,EPA,2021,647
INSTITUT D ETUDES POLITIQUES - LILLE,EPA,2022,683
INSTITUT D ETUDES POLITIQUES - LILLE,EPA,2023,715
INSTITUT D'ADMINISTRATION DES ENTREPRISES DE PARIS,EPA,2021,725
INSTITUT D'ADMINISTRATION DES ENTREPRISES DE PARIS,EPA,2022,768
INSTITUT D'ADMINISTRATION DES ENTREPRISES DE PARIS,EPA,2023,809
INSTITUT D'ETUDES POLITIQUES - AIX EN PROVENCE,EPA,2021,747
INSTITUT D'ETUDES POLITIQUES - AIX EN PROVENCE,EPA,2022,716
INSTITUT D'ETUDES POLITIQUES - AIX EN PROVENCE,EPA,2023,787
INSTITUT D'ETUDES POLITIQUES - BORDEAUX,EPA,2021,696
INSTITUT D'ETUDES POLITIQUES - BORDEAUX,EPA,2022,737
INSTITUT D'ETUDES POLITIQUES - BORDEAUX,EPA,2023,767
INSTITUT D'ETUDES POLITIQUES - GRENOBLE,EPA,2021,673
INSTITUT D'ETUDES POLITIQUES - GRENOBLE,EPA,2022,705
INSTITUT D'ETUDES POLITIQUES - GRENOBLE,EPA,2023,751
INSTITUT D'ETUDES POLITIQUES - RENNES,EPA,2021,566
INSTITUT D'ETUDES POLITIQUES - RENNES,EPA,2022,597
INSTITUT D'ETUDES POLITIQUES - RENNES,EPA,2023,638
INSTITUT D'ETUDES POLITIQUES - TOULOUSE,EPA,2021,721
INSTITUT D'ETUDES POLITIQUES - TOULOUSE,EPA,2022,749
INSTITUT D'ETUDES POLITIQUES - TOULOUSE,EPA,2023,758
INSTITUT D'ETUDES POLITIQUES DE LYON,EPA,2021,683
INSTITUT D'ETUDES POLITIQUES DE LYON,EPA,2022,710
INSTITUT D'ETUDES POLITIQUES DE LYON,EPA,2023,738
INSTITUT D'ETUDES POLITIQUES DE PARIS -SCIENCES PO,EPSCP,2021,790
INSTITUT D'ETUDES POLITIQUES DE PARIS -SCIENCES PO,EPSCP,2022,832
INSTITUT D'ETUDES POLITIQUES DE PARIS -SCIENCES PO,EPSCP,2023,854
INSTITUT DE FORMATION DU PERSONNEL DU MINISTERE DE L'AGRICULTURE,EPA,2021,716
INSTITUT DE FORMATION DU PERSONNEL DU MINISTERE DE L'AGRICULTURE,EPA,2022,697
INSTITUT DE FORMATION DU PERSONNEL DU MINISTERE DE L'AGRICULTURE,EPA,2023,752
INSTITUT DE PHYSIQUE DU GLOBE DE PARIS,EPSCP,2021,840
INSTITUT DE PHYSIQUE DU GLOBE DE PARIS,EPSCP,2022,849
INSTITUT DE PHYSIQUE DU GLOBE DE PARIS,EPSCP,2023,861
INSTITUT DE RADIOPROTECTION ET DE SURETE NUCLEAIRE,EPIC,2021,1878
INSTITUT DE RADIOPROTECTION ET DE SURETE NUCLEAIRE,EPIC,2022,1611
INSTITUT DE RADIOPROTECTION ET DE SURETE NUCLEAIRE,EPIC,2023,1643
INSTITUT DE RECHERCHE POUR LE DEVELOPPEMENT,EPST,2021,1047
INSTITUT DE RECHERCHE POUR LE DEVELOPPEMENT,EPST,2022,1061
INSTITUT DE RECHERCHE POUR LE DEVELOPPEMENT,EPST,2023,1071
INSTITUT DES HAUTES ETUDES POUR LA DEFENSE NATIONALE,EPA,2021,825
INSTITUT DES HAUTES ETUDES POUR LA DEFENSE NATIONALE,EPA,2022,890
INSTITUT DES HAUTES ETUDES POUR LA DEFENSE NATIONALE,EPA,2023,855
INSTITUT DES SCIENCES ET INDUSTRIES DU VIVANT ET DE L'ENVIRONNEMENT AGRO PARIS TECH,EPSCP,2021,1757
INSTITUT DES SCIENCES ET INDUSTRIES DU VIVANT ET DE L'ENVIRONNEMENT AGRO PARIS TECH,EPSCP,2022,1808
INSTITUT DES SCIENCES ET INDUSTRIES DU VIVANT ET DE L'ENVIRONNEMENT AGRO PARIS TECH,EPSCP,2023,1180
L’ENVIRONNEMENT,EPSCP,2021,1515
L’ENVIRONNEMENT,EPSCP,2022,1602
L’ENVIRONNEMENT,EPSCP,2023,978
INSTITUT FRANCAIS DE RECHE RCHE POUR L'EXPLOITATION DE LA MER,EPIC,2021,1059
INSTITUT FRANCAIS DE RECHE RCHE POUR L'EXPLOITATION DE LA MER,EPIC,2022,1143
INSTITUT FRANCAIS DE RECHE RCHE POUR L'EXPLOITATION DE LA MER,EPIC,2023,1179
INSTITUT FRANCAIS DU CHEVAL ET DE L'EQUITATION,EPA,2021,1004
INSTITUT FRANCAIS DU CHEVAL ET DE L'EQUITATION,EPA,2022,978
INSTITUT FRANCAIS DU CHEVAL ET DE L'EQUITATION,EPA,2023,1044
INSTITUT FRANCAIS DU PETROLE ET DES ENERGIES NOUVELLES,EPIC,2021,1938
INSTITUT FRANCAIS DU PETROLE ET DES ENERGIES NOUVELLES,EPIC,2022,2021
INSTITUT FRANCAIS DU PETROLE ET DES ENERGIES NOUVELLES,EPIC,2023,2030
INSTITUT FRANCAIS,EPIC,2021,802
INSTITUT FRANCAIS,EPIC,2022,843
INSTITUT FRANCAIS,EPIC,2023,0
INSTITUT MINES TELECOM,EPSCP,2021,1757
INSTITUT MINES TELECOM,EPSCP,2022,1788
INSTITUT MINES TELECOM,EPSCP,2023,0
INSTITUT NATIONAL D' HISTOIRE DE L'ART,EPSCP,2021,689
INSTITUT NATIONAL D' HISTOIRE DE L'ART,EPSCP,2022,740
INSTITUT NATIONAL D' HISTOIRE DE L'ART,EPSCP,2023,772
"INSTITUT NATIONAL D'ENSEIGNEMENT SUPERIEUR POUR L'AGRICULTURE, L'ALIMENTATION ET L'ENVIRONNEMENT",EPSCP,2021,1624
"INSTITUT NATIONAL D'ENSEIGNEMENT SUPERIEUR POUR L'AGRICULTURE, L'ALIMENTATION ET L'ENVIRONNEMENT",EPSCP,2022,1680
"INSTITUT NATIONAL D'ENSEIGNEMENT SUPERIEUR POUR L'AGRICULTURE, L'ALIMENTATION ET L'ENVIRONNEMENT",EPSCP,2023,1081
INSTITUT NATIONAL D'ETUDES DEMOGRAPHIQUES,EPST,2021,785
INSTITUT NATIONAL D'ETUDES DEMOGRAPHIQUES,EPST,2022,824
INSTITUT NATIONAL D'ETUDES DEMOGRAPHIQUES,EPST,2023,798
INSTITUT NATIONAL DE L'ENVIRONNEMENT INDUSTRIEL ET DES RISQUES,EPIC,2021,1090
INSTITUT NATIONAL DE L'ENVIRONNEMENT INDUSTRIEL ET DES RISQUES,EPIC,2022,1118
INSTITUT NATIONAL DE L'ENVIRONNEMENT INDUSTRIEL ET DES RISQUES,EPIC,2023,1140
INSTITUT NATIONAL DE L'INFORMATION GEOGRAPHIQUE ET FORESTIERE,EPA,2021,1345
INSTITUT NATIONAL DE L'INFORMATION GEOGRAPHIQUE ET FORESTIERE,EPA,2022,1416
INSTITUT NATIONAL DE L'INFORMATION GEOGRAPHIQUE ET FORESTIERE,EPA,2023,1437
INSTITUT NATIONAL DE L'ORIGINE ET DE LA QUALI TE,EPA,2021,892
INSTITUT NATIONAL DE L'ORIGINE ET DE LA QUALI TE,EPA,2022,747
INSTITUT NATIONAL DE L'ORIGINE ET DE LA QUALI TE,EPA,2023,853
INSTITUT NATIONAL DE LA PROPRIETE INDUSTRIELLE,EPA,2021,1265
INSTITUT NATIONAL DE LA PROPRIETE INDUSTRIELLE,EPA,2022,0
INSTITUT NATIONAL DE LA PROPRIETE INDUSTRIELLE,EPA,2023,0
INSTITUT NATIONAL DE LA SANTE ET DE LA RECHERCHE MEDICALE,EPST,2021,1281
INSTITUT NATIONAL DE LA SANTE ET DE LA RECHERCHE MEDICALE,EPST,2022,1270
INSTITUT NATIONAL DE LA SANTE ET DE LA RECHERCHE MEDICALE,EPST,2023,1274
INSTITUT NATIONAL DE RECHERCHE EN INFORMATIQUE ET EN AUTOMATIQUE,EPST,2021,1510
INSTITUT NATIONAL DE RECHERCHE EN INFORMATIQUE ET EN AUTOMATIQUE,EPST,2022,1451
INSTITUT NATIONAL DE RECHERCHE EN INFORMATIQUE ET EN AUTOMATIQUE,EPST,2023,1513
INSTITUT NATIONAL DE RECHERCHE POUR L'AGRICULTURE L'ALIMENTATION ET L'ENVIRONNEMENT,EPST,2021,1281
INSTITUT NATIONAL DE RECHERCHE POUR L'AGRICULTURE L'ALIMENTATION ET L'ENVIRONNEMENT,EPST,2022,1317
INSTITUT NATIONAL DE RECHERCHE POUR L'AGRICULTURE L'ALIMENTATION ET L'ENVIRONNEMENT,EPST,2023,1316
INSTITUT NATIONAL DE RECHERCHES ARCHEOLOGIQUES PREVENTIVES,EPA,2021,1000
INSTITUT NATIONAL DE RECHERCHES ARCHEOLOGIQUES PREVENTIVES,EPA,2022,1054
INSTITUT NATIONAL DE RECHERCHES ARCHEOLOGIQUES PREVENTIVES,EPA,2023,1110
INSTITUT NATIONAL DES LANGUES ET CIVILISATIONS ORIENTALES,EPSCP,2021,804
INSTITUT NATIONAL DES LANGUES ET CIVILISATIONS ORIENTALES,EPSCP,2022,826
INSTITUT NATIONAL DES LANGUES ET CIVILISATIONS ORIENTALES,EPSCP,2023,851
INSTITUT NATIONAL DES SCIENCES APPLIQUEES CENTRE VAL DE LOIRE,EPSCP,2021,827
INSTITUT NATIONAL DES SCIENCES APPLIQUEES CENTRE VAL DE LOIRE,EPSCP,2022,887
INSTITUT NATIONAL DES SCIENCES APPLIQUEES CENTRE VAL DE LOIRE,EPSCP,2023,908
INSTITUT NATIONAL DES SCIENCES APPLIQUEES HAUTS -DE-FRANCE,EPSCP,2021,907
INSTITUT NATIONAL DES SCIENCES APPLIQUEES HAUTS -DE-FRANCE,EPSCP,2022,968
INSTITUT NATIONAL DES SCIENCES APPLIQUEES HAUTS -DE-FRANCE,EPSCP,2023,1033
INSTITUT NATIONAL DES SCIENCES APPLIQUEES LYON,EPSCP,2021,914
INSTITUT NATIONAL DES SCIENCES APPLIQUEES LYON,EPSCP,2022,956
INSTITUT NATIONAL DES SCIENCES APPLIQUEES LYON,EPSCP,2023,972
INSTITUT NATIONAL DES SCIENCES APPLIQUEES RENNES,EPSCP,2021,843
INSTITUT NATIONAL DES SCIENCES APPLIQUEES RENNES,EPSCP,2022,885
INSTITUT NATIONAL DES SCIENCES APPLIQUEES RENNES,EPSCP,2023,918
INSTITUT NATIONAL DES SCIENCES APPLIQUEES ROUEN,EPSCP,2021,852
INSTITUT NATIONAL DES SCIENCES APPLIQUEES ROUEN,EPSCP,2022,877
INSTITUT NATIONAL DES SCIENCES APPLIQUEES ROUEN,EPSCP,2023,911
INSTITUT NATIONAL DES SCIENCES APPLIQUEES STRASBOURG,EPSCP,2021,862
INSTITUT NATIONAL DES SCIENCES APPLIQUEES STRASBOURG,EPSCP,2022,836
INSTITUT NATIONAL DES SCIENCES APPLIQUEES STRASBOURG,EPSCP,2023,930
INSTITUT NATIONAL DES SCIENCES APPLIQUEES TOULOUSE,EPSCP,2021,855
INSTITUT NATIONAL DES SCIENCES APPLIQUEES TOULOUSE,EPSCP,2022,884
INSTITUT NATIONAL DES SCIENCES APPLIQUEES TOULOUSE,EPSCP,2023,916
INSTITUT NATIONAL DU CANCER,GIP,2021,959
INSTITUT NATIONAL DU CANCER,GIP,2022,974
INSTITUT NATIONAL DU CANCER,GIP,2023,1015
INSTITUT NATIONAL DU PATRIMOINE,EPA,2021,705
INSTITUT NATIONAL DU PATRIMOINE,EPA,2022,732
INSTITUT NATIONAL DU PATRIMOINE,EPA,2023,784
INSTITUT NATIONAL DU SPORT DE L EXPERTISE ET DE LA PERFORMANCE,EPSCP,2021,910
INSTITUT NATIONAL DU SPORT DE L EXPERTISE ET DE LA PERFORMANCE,EPSCP,2022,865
INSTITUT NATIONAL DU SPORT DE L EXPERTISE ET DE LA PERFORMANCE,EPSCP,2023,937
INSTITUT NATIONAL DU TRAVAIL DE L'EMPLOI ET DE LA FORMATION PROFESSIONNELLE,EPA,2021,724
INSTITUT NATIONAL DU TRAVAIL DE L'EMPLOI ET DE LA FORMATION PROFESSIONNELLE,EPA,2022,764
INSTITUT NATIONAL DU TRAVAIL DE L'EMPLOI ET DE LA FORMATION PROFESSIONNELLE,EPA,2023,807
INSTITUT NATIONAL POLYTECHNIQUE DE TOULOUSE,EPSCP,2021,909
INSTITUT NATIONAL POLYTECHNIQUE DE TOULOUSE,EPSCP,2022,907
INSTITUT NATIONAL POLYTECHNIQUE DE TOULOUSE,EPSCP,2023,948
ENSEIGNEMENTS ADAPTES,EPA,2021,625
ENSEIGNEMENTS ADAPTES,EPA,2022,628
ENSEIGNEMENTS ADAPTES,EPA,2023,663
INSTITUT NATIONAL UNIVERSITAIRE JEAN -FRANCOIS CHAMPOLLION,EPSCP,2021,712
INSTITUT NATIONAL UNIVERSITAIRE JEAN -FRANCOIS CHAMPOLLION,EPSCP,2022,729
INSTITUT NATIONAL UNIVERSITAIRE JEAN -FRANCOIS CHAMPOLLION,EPSCP,2023,796
INSTITUT POLAIRE FRANCAIS PAUL -EMILE VICTOR,GIP,2021,578
INSTITUT POLAIRE FRANCAIS PAUL -EMILE VICTOR,GIP,2022,597
INSTITUT POLAIRE FRANCAIS PAUL -EMILE VICTOR,GIP,2023,669
INSTITUT POLYTECHNIQUE DE BORDEAUX,EPSCP,2021,791
INSTITUT POLYTECHNIQUE DE BORDEAUX,EPSCP,2022,816
INSTITUT POLYTECHNIQUE DE BORDEAUX,EPSCP,2023,845
INSTITUT POLYTECHNIQUE DE GRENOBLE,EPSCP,2021,918
INSTITUT POLYTECHNIQUE DE GRENOBLE,EPSCP,2022,958
INSTITUT POLYTECHNIQUE DE GRENOBLE,EPSCP,2023,983
INSTITUT POLYTECHNIQUE DE PARIS,EPSCP,2021,601
INSTITUT POLYTECHNIQUE DE PARIS,EPSCP,2022,712
INSTITUT POLYTECHNIQUE DE PARIS,EPSCP,2023,753
INSTITUT REGIONAL D'ADMINISTRATION - BASTIA,EPA,2021,635
INSTITUT REGIONAL D'ADMINISTRATION - BASTIA,EPA,2022,703
INSTITUT REGIONAL D'ADMINISTRATION - BASTIA,EPA,2023,702
INSTITUT REGIONAL D'ADMINISTRATION - LILLE,EPA,2021,539
INSTITUT REGIONAL D'ADMINISTRATION - LILLE,EPA,2022,577
INSTITUT REGIONAL D'ADMINISTRATION - LILLE,EPA,2023,613
INSTITUT REGIONAL D'ADMINISTRATION - LYON,EPA,2021,583
INSTITUT REGIONAL D'ADMINISTRATION - LYON,EPA,2022,624
INSTITUT REGIONAL D'ADMINISTRATION - LYON,EPA,2023,680
INSTITUT REGIONAL D'ADMINISTRATION - METZ,EPA,2021,578
INSTITUT REGIONAL D'ADMINISTRATION - METZ,EPA,2022,625
INSTITUT REGIONAL D'ADMINISTRATION - METZ,EPA,2023,658
INSTITUT REGIONAL D'ADMINISTRATION - NANTES,EPA,2021,562
INSTITUT REGIONAL D'ADMINISTRATION - NANTES,EPA,2022,525
INSTITUT REGIONAL D'ADMINISTRATION - NANTES,EPA,2023,561
INSTITUT SUPERIEUR DE L AERONAUTIQUE ET DE L ESPACE,EPSCP,2021,836
INSTITUT SUPERIEUR DE L AERONAUTIQUE ET DE L ESPACE,EPSCP,2022,916
INSTITUT SUPERIEUR DE L AERONAUTIQUE ET DE L ESPACE,EPSCP,2023,961
INSTITUT SUPERIEUR DE MECANIQUE DE PARIS,EPSCP,2021,694
INSTITUT SUPERIEUR DE MECANIQUE DE PARIS,EPSCP,2022,702
INSTITUT SUPERIEUR DE MECANIQUE DE PARIS,EPSCP,2023,723
INSTITUTION NATIONALE DES INVALIDES,EPA,2021,967
INSTITUTION NATIONALE DES INVALIDES,EPA,2022,979
INSTITUTION NATIONALE DES INVALIDES,EPA,2023,0
Institut national du service public,EPA,2021,1078
Institut national du service public,EPA,2022,1075
Institut national du service public,EPA,2023,1187
LABORATOIRE NATIONAL DE METROLOGIE ET D'ESSAIS,EPIC,2021,1127
LABORATOIRE NATIONAL DE METROLOGIE ET D'ESSAIS,EPIC,2022,1152
LABORATOIRE NATIONAL DE METROLOGIE ET D'ESSAIS,EPIC,2023,0
METEO -FRANCE,EPA,2021,1476
METEO -FRANCE,EPA,2022,1488
METEO -FRANCE,EPA,2023,1584
MISSION DE RECHERCHE DRO IT ET JUSTICE,GIP,2021,72
MISSION DE RECHERCHE DRO IT ET JUSTICE,GIP,2022,383
MISSION DE RECHERCHE DRO IT ET JUSTICE,GIP,2023,314
MOBILIER NATIONAL,EPA,2021,0
MOBILIER NATIONAL,EPA,2022,876
MOBILIER NATIONAL,EPA,2023,940
MUSEE DE L'AIR ET DE L'ESPACE,EPA,2021,548
MUSEE DE L'AIR ET DE L'ESPACE,EPA,2022,557
MUSEE DE L'AIR ET DE L'ESPACE,EPA,2023,595
MUSEE DE L'ARMEE,EPA,2021,612
MUSEE DE L'ARMEE,EPA,2022,730
MUSEE DE L'ARMEE,EPA,2023,596
MUSEE DES ARTS DECORATIFS,Association,2021,988
MUSEE DES ARTS DECORATIFS,Association,2022,996
MUSEE DES ARTS DECORATIFS,Association,2023,1043
MUSEE DES CIVILISATIONS DE L'EUROPE ET DE LA MEDITERRANEE,EPA,2021,805
MUSEE DES CIVILISATIONS DE L'EUROPE ET DE LA MEDITERRANEE,EPA,2022,812
MUSEE DES CIVILISATIONS DE L'EUROPE ET DE LA MEDITERRANEE,EPA,2023,861
MUSEE NATIONAL DE LA MARINE,EPA,2021,1128
MUSEE NATIONAL DE LA MARINE,EPA,2022,1014
MUSEE NATIONAL DE LA MARINE,EPA,2023,685
MUSEE NATIONAL DU SPORT,EPA,2021,472
MUSEE NATIONAL DU SPORT,EPA,2022,452
MUSEE NATIONAL DU SPORT,EPA,2023,493
MUSEE NATIONAL PICASSO PARIS,EPA,2021,663
MUSEE NATIONAL PICASSO PARIS,EPA,2022,752
MUSEE NATIONAL PICASSO PARIS,EPA,2023,793
MUSEUM NATIONAL D HISTOIRE NATURELLE,EPSCP,2021,981
MUSEUM NATIONAL D HISTOIRE NATURELLE,EPSCP,2022,1016
MUSEUM NATIONAL D HISTOIRE NATURELLE,EPSCP,2023,996
NANTES UNIVERSITE,EPSCP,2021,838
NANTES UNIVERSITE,EPSCP,2022,995
NANTES UNIVERSITE,EPSCP,2023,1018
Nîmes Université,EPSCP,2021,811
Nîmes Université,EPSCP,2022,854
Nîmes Université,EPSCP,2023,895
OBSERVATOIRE DE LA COTE D'AZUR,EPA,2021,669
OBSERVATOIRE DE LA COTE D'AZUR,EPA,2022,746
OBSERVATOIRE DE LA COTE D'AZUR,EPA,2023,816
OBSERVATOIRE DE PARIS,EPSCP,2021,870
OBSERVATOIRE DE PARIS,EPSCP,2022,895
OBSERVATOIRE DE PARIS,EPSCP,2023,953
OBSERVATOIRE FRANCAIS DES DROGUES ET DES TOXICOMANIES,GIP,2021,924
OBSERVATOIRE FRANCAIS DES DROGUES ET DES TOXICOMANIES,GIP,2022,953
OBSERVATOIRE FRANCAIS DES DROGUES ET DES TOXICOMANIES,GIP,2023,948
OFFICE DE DEVELOPPEMENT DE L'ECONOMIE AGRICOLE DANS LES DEPARTEMENTS D'OUTRE MER,EPA,2021,778
OFFICE DE DEVELOPPEMENT DE L'ECONOMIE AGRICOLE DANS LES DEPARTEMENTS D'OUTRE MER,EPA,2022,793
OFFICE DE DEVELOPPEMENT DE L'ECONOMIE AGRICOLE DANS LES DEPARTEMENTS D'OUTRE MER,EPA,2023,798
OFFICE FRANCAIS DE L'IMMIGRATION ET DE L'INTEGRATION,EPA,2021,1239
OFFICE FRANCAIS DE L'IMMIGRATION ET DE L'INTEGRATION,EPA,2022,1262
OFFICE FRANCAIS DE L'IMMIGRATION ET DE L'INTEGRATION,EPA,2023,0
OFFICE FRANCAIS DE LA BIODIVERSITE,EPA,2021,1413
OFFICE FRANCAIS DE LA BIODIVERSITE,EPA,2022,1380
OFFICE FRANCAIS DE LA BIODIVERSITE,EPA,2023,1389
OFFICE FRANCAIS DE PROTECTION DES REFUGIES ET APATRIDES,EPA,2021,934
OFFICE FRANCAIS DE PROTECTION DES REFUGIES ET APATRIDES,EPA,2022,950
OFFICE FRANCAIS DE PROTECTION DES REFUGIES ET APATRIDES,EPA,2023,0
OFFICE NATIONAL D'ETUDES ET DE RECHERCHES AEROSPATIALES,EPIC,2021,1297
OFFICE NATIONAL D'ETUDES ET DE RECHERCHES AEROSPATIALES,EPIC,2022,1366
OFFICE NATIONAL D'ETUDES ET DE RECHERCHES AEROSPATIALES,EPIC,2023,1378
OFFICE NATIONAL D'INFORMATION SUR LES ENSEIGNEMENTS ET LES PROFESSIONS,EPA,2021,923
OFFICE NATIONAL D'INFORMATION SUR LES ENSEIGNEMENTS ET LES PROFESSIONS,EPA,2022,883
OFFICE NATIONAL D'INFORMATION SUR LES ENSEIGNEMENTS ET LES PROFESSIONS,EPA,2023,973
OFFICE NATIONAL DES ANCIENS COMBATTANTS ET VICTIMES DE GUERRE,EPA,2021,1098
OFFICE NATIONAL DES ANCIENS COMBATTANTS ET VICTIMES DE GUERRE,EPA,2022,1170
OFFICE NATIONAL DES ANCIENS COMBATTANTS ET VICTIMES DE GUERRE,EPA,2023,1147
OFFICE NATIONAL DES FORETS,EPIC,2021,1389
OFFICE NATIONAL DES FORETS,EPIC,2022,1398
OFFICE NATIONAL DES FORETS,EPIC,2023,1561
OPERA NATIONAL DE PARIS,EPIC,2021,1819
OPERA NATIONAL DE PARIS,EPIC,2022,2405
OPERA NATIONAL DE PARIS,EPIC,2023,2116
OPERATEUR DU PATRIMOINE ET DES PROJETS IMMOBILIERS DE LA CULTURE,EPA,2021,894
OPERATEUR DU PATRIMOINE ET DES PROJETS IMMOBILIERS DE LA CULTURE,EPA,2022,913
OPERATEUR DU PATRIMOINE ET DES PROJETS IMMOBILIERS DE LA CULTURE,EPA,2023,950
PARC AMAZONIEN DE GUYANE,EPA,2021,815
PARC AMAZONIEN DE GUYANE,EPA,2022,850
PARC AMAZONIEN DE GUYANE,EPA,2023,811
PARC NATIONAL DE FORETS,EPA,2021,465
PARC NATIONAL DE FORETS,EPA,2022,561
PARC NATIONAL DE FORETS,EPA,2023,594
PARC NATIONAL DE LA GUADELOUPE,EPA,2021,691
PARC NATIONAL DE LA GUADELOUPE,EPA,2022,730
PARC NATIONAL DE LA GUADELOUPE,EPA,2023,758
PARC NATIONAL DE LA REUNION,EPA,2021,820
PARC NATIONAL DE LA REUNION,EPA,2022,788
PARC NATIONAL DE LA REUNION,EPA,2023,773
PARC NATIONAL DE PORT CROS,EPA,2021,1189
PARC NATIONAL DE PORT CROS,EPA,2022,1250
PARC NATIONAL DE PORT CROS,EPA,2023,1264
PARC NATIONAL DES CEVENNES,EPA,2021,657
PARC NATIONAL DES CEVENNES,EPA,2022,681
PARC NATIONAL DES CEVENNES,EPA,2023,712
PARC NATIONAL DES ECRINS,EPA,2021,668
PARC NATIONAL DES ECRINS,EPA,2022,622
PARC NATIONAL DES ECRINS,EPA,2023,656
PARC NATIONAL DES PYRENEES,EPA,2021,625
PARC NATIONAL DES PYRENEES,EPA,2022,621
PARC NATIONAL DES PYRENEES,EPA,2023,693
PARC NATIONAL DU MERCANTOUR,EPA,2021,651
PARC NATIONAL DU MERCANTOUR,EPA,2022,663
PARC NATIONAL DU MERCANTOUR,EPA,2023,673
PARC NATIONAL LA VANOISE,EPA,2021,581
PARC NATIONAL LA VANOISE,EPA,2022,708
PARC NATIONAL LA VANOISE,EPA,2023,688
PARC NATIONAL LES CALANQUES,EPA,2021,711
PARC NATIONAL LES CALANQUES,EPA,2022,646
PARC NATIONAL LES CALANQUES,EPA,2023,665
RESEAU CANOPE,EPA,2021,986
RESEAU CANOPE,EPA,2022,945
RESEAU CANOPE,EPA,2023,963
SERVICE HYDROGRAPHIQUE ET OCEANOGRAPHIQUE DE LA MARINE,EPA,2021,969
SERVICE HYDROGRAPHIQUE ET OCEANOGRAPHIQUE DE LA MARINE,EPA,2022,1019
SERVICE HYDROGRAPHIQUE ET OCEANOGRAPHIQUE DE LA MARINE,EPA,2023,1104
SOCIETE DU GRAND PARIS,EPIC,2021,2045
SOCIETE DU GRAND PARIS,EPIC,2022,2078
SOCIETE DU GRAND PARIS,EPIC,2023,2230
SOLIDEO - Société de livraison des équipements olympiques et paralympiques,EPIC,2021,1336
SOLIDEO - Société de livraison des équipements olympiques et paralympiques,EPIC,2022,1585
SOLIDEO - Société de livraison des équipements olympiques et paralympiques,EPIC,2023,1647
SORBONNE UNIVERSITE,EPSCP,2021,1336
SORBONNE UNIVERSITE,EPSCP,2022,1500
SORBONNE UNIVERSITE,EPSCP,2023,1598
THEATRE NATIONAL DE CHAILLOT,EPIC,2021,700
THEATRE NATIONAL DE CHAILLOT,EPIC,2022,814
THEATRE NATIONAL DE CHAILLOT,EPIC,2023,833
THEATRE NATIONAL DE L'ODEON,EPIC,2021,788
THEATRE NATIONAL DE L'ODEON,EPIC,2022,740
THEATRE NATIONAL DE L'ODEON,EPIC,2023,849
THEATRE NATIONAL DE L'OPERA COMIQUE,EPIC,2021,854
THEATRE NATIONAL DE L'OPERA COMIQUE,EPIC,2022,1009
THEATRE NATIONAL DE L'OPERA COMIQUE,EPIC,2023,966
THEATRE NATIONAL DE LA COLLINE,EPIC,2021,684
THEATRE NATIONAL DE LA COLLINE,EPIC,2022,703
THEATRE NATIONAL DE LA COLLINE,EPIC,2023,757
THEATRE NATIONAL DE STRASBOURG,EPIC,2021,744
THEATRE NATIONAL DE STRASBOURG,EPIC,2022,737
THEATRE NATIONAL DE STRASBOURG,EPIC,2023,745
UNIVERSITE AMIENS PICARDIE JULES VERNE,EPSCP,2021,964
UNIVERSITE AMIENS PICARDIE JULES VERNE,EPSCP,2022,984
UNIVERSITE AMIENS PICARDIE JULES VERNE,EPSCP,2023,1000
UNIVERSITE AVIGNON ET DES PAYS DE VAUCLUSE,EPSCP,2021,929
UNIVERSITE AVIGNON ET DES PAYS DE VAUCLUSE,EPSCP,2022,921
UNIVERSITE AVIGNON ET DES PAYS DE VAUCLUSE,EPSCP,2023,981
UNIVERSITE BORDEAUX MONTAIGNE BORDEAUX III,EPSCP,2021,845
UNIVERSITE BORDEAUX MONTAIGNE BORDEAUX III,EPSCP,2022,895
UNIVERSITE BORDEAUX MONTAIGNE BORDEAUX III,EPSCP,2023,916
UNIVERSITE BOURGOGNE FRANCHE COMTE,EPSCP,2021,937
UNIVERSITE BOURGOGNE FRANCHE COMTE,EPSCP,2022,924
UNIVERSITE BOURGOGNE FRANCHE COMTE,EPSCP,2023,983
UNIVERSITE BREST BRETAGNE OCCIDENTALE,EPSCP,2021,965
UNIVERSITE BREST BRETAGNE OCCIDENTALE,EPSCP,2022,1005
UNIVERSITE BREST BRETAGNE OCCIDENTALE,EPSCP,2023,1053
UNIVERSITE CLAUDE BERNARD LYON 1,EPSCP,2021,1055
UNIVERSITE CLAUDE BERNARD LYON 1,EPSCP,2022,1055
UNIVERSITE CLAUDE BERNARD LYON 1,EPSCP,2023,1221
UNIVERSITE CLERMONT AUVERGNE,EPSCP,2021,930
UNIVERSITE CLERMONT AUVERGNE,EPSCP,2022,1007
UNIVERSITE CLERMONT AUVERGNE,EPSCP,2023,1000
UNIVERSITE COTE AZUR - établissement expérimental,EPSCP,2021,985
UNIVERSITE COTE AZUR - établissement expérimental,EPSCP,2022,1049
UNIVERSITE COTE AZUR - établissement expérimental,EPSCP,2023,1097
UNIVERSITE D ARTOIS,EPSCP,2021,897
UNIVERSITE D ARTOIS,EPSCP,2022,952
UNIVERSITE D ARTOIS,EPSCP,2023,976
UNIVERSITE D'AIX MARSEILLE,EPSCP,2021,1110
UNIVERSITE D'AIX MARSEILLE,EPSCP,2022,1113
UNIVERSITE D'AIX MARSEILLE,EPSCP,2023,1129
UNIVERSITE D'ANGERS,EPSCP,2021,892
UNIVERSITE D'ANGERS,EPSCP,2022,927
UNIVERSITE D'ANGERS,EPSCP,2023,950
UNIVERSITE D'EVRY VAL D'ESSONNE,EPSCP,2021,0
UNIVERSITE D'EVRY VAL D'ESSONNE,EPSCP,2022,0
UNIVERSITE D'EVRY VAL D'ESSONNE,EPSCP,2023,1031
UNIVERSITE D'ORLEANS,EPSCP,2021,851
UNIVERSITE D'ORLEANS,EPSCP,2022,891
UNIVERSITE D'ORLEANS,EPSCP,2023,931
UNIVERSITE DE BESANCON,EPSCP,2021,877
UNIVERSITE DE BESANCON,EPSCP,2022,924
UNIVERSITE DE BESANCON,EPSCP,2023,944
UNIVERSITE DE BORDEAUX,EPSCP,2021,1010
UNIVERSITE DE BORDEAUX,EPSCP,2022,1123
UNIVERSITE DE BORDEAUX,EPSCP,2023,1066
UNIVERSITE DE BRETAGNE SUD,EPSCP,2021,867
UNIVERSITE DE BRETAGNE SUD,EPSCP,2022,898
UNIVERSITE DE BRETAGNE SUD,EPSCP,2023,935
UNIVERSITE DE CAEN,EPSCP,2021,918
UNIVERSITE DE CAEN,EPSCP,2022,949
UNIVERSITE DE CAEN,EPSCP,2023,1019
UNIVERSITE DE CHAMBERY,EPSCP,2021,857
UNIVERSITE DE CHAMBERY,EPSCP,2022,925
UNIVERSITE DE CHAMBERY,EPSCP,2023,964
UNIVERSITE DE CORSE P PAOLI,EPSCP,2021,935
UNIVERSITE DE CORSE P PAOLI,EPSCP,2022,996
UNIVERSITE DE CORSE P PAOLI,EPSCP,2023,1043
UNIVERSITE DE LA GUYANE,EPSCP,2021,982
UNIVERSITE DE LA GUYANE,EPSCP,2022,935
UNIVERSITE DE LA GUYANE,EPSCP,2023,1015
UNIVERSITE DE LA REUNION,EPSCP,2021,1230
UNIVERSITE DE LA REUNION,EPSCP,2022,1263
UNIVERSITE DE LA REUNION,EPSCP,2023,1297
UNIVERSITE DE LA ROCHELLE,EPSCP,2021,969
UNIVERSITE DE LA ROCHELLE,EPSCP,2022,934
UNIVERSITE DE LA ROCHELLE,EPSCP,2023,944
UNIVERSITE DE LILLE,EPSCP,2021,1069
UNIVERSITE DE LILLE,EPSCP,2022,1058
UNIVERSITE DE LILLE,EPSCP,2023,1151
UNIVERSITE DE LIMOGES,EPSCP,2021,892
UNIVERSITE DE LIMOGES,EPSCP,2022,927
UNIVERSITE DE LIMOGES,EPSCP,2023,1010
UNIVERSITE DE LORRAINE,EPSCP,2021,1046
UNIVERSITE DE LORRAINE,EPSCP,2022,1005
UNIVERSITE DE LORRAINE,EPSCP,2023,1234
UNIVERSITE DE MONTPELLIER,EPSCP,2021,1104
UNIVERSITE DE MONTPELLIER,EPSCP,2022,1160
UNIVERSITE DE MONTPELLIER,EPSCP,2023,1205
UNIVERSITE DE MULHOUSE,EPSCP,2021,893
UNIVERSITE DE MULHOUSE,EPSCP,2022,926
UNIVERSITE DE MULHOUSE,EPSCP,2023,952
UNIVERSITE DE PARIS - établissement expérimental,EPSCP,2021,1100
UNIVERSITE DE PARIS - établissement expérimental,EPSCP,2022,1142
UNIVERSITE DE PARIS - établissement expérimental,EPSCP,2023,1169
UNIVERSITE DE PARIS VIII.PARIS VINCENNES,EPSCP,2021,932
UNIVERSITE DE PARIS VIII.PARIS VINCENNES,EPSCP,2022,959
UNIVERSITE DE PARIS VIII.PARIS VINCENNES,EPSCP,2023,985
UNIVERSITE DE PAU ET DU PAYS DE L'ADOUR,EPSCP,2021,933
UNIVERSITE DE PAU ET DU PAYS DE L'ADOUR,EPSCP,2022,988
UNIVERSITE DE PAU ET DU PAYS DE L'ADOUR,EPSCP,2023,1005
UNIVERSITE DE PERPIGNAN,EPSCP,2021,840
UNIVERSITE DE PERPIGNAN,EPSCP,2022,972
UNIVERSITE DE PERPIGNAN,EPSCP,2023,912
UNIVERSITE DE POITIERS,EPSCP,2021,854
UNIVERSITE DE POITIERS,EPSCP,2022,930
UNIVERSITE DE POITIERS,EPSCP,2023,945
UNIVERSITE DE REIMS CHAMPAGNE -ARDENNE,EPSCP,2021,924
UNIVERSITE DE REIMS CHAMPAGNE -ARDENNE,EPSCP,2022,979
UNIVERSITE DE REIMS CHAMPAGNE -ARDENNE,EPSCP,2023,968
UNIVERSITE DE ROUEN -NORMANDIE,EPSCP,2021,911
UNIVERSITE DE ROUEN -NORMANDIE,EPSCP,2022,959
UNIVERSITE DE ROUEN -NORMANDIE,EPSCP,2023,981
UNIVERSITE DE SAINT ETIENNE,EPSCP,2021,855
UNIVERSITE DE SAINT ETIENNE,EPSCP,2022,909
UNIVERSITE DE SAINT ETIENNE,EPSCP,2023,941
UNIVERSITE DE STRASBOURG,EPSCP,2021,1077
UNIVERSITE DE STRASBOURG,EPSCP,2022,1116
UNIVERSITE DE STRASBOURG,EPSCP,2023,1125
UNIVERSITE DE TECHNOLOGIE DE COMPIEGNE,EPSCP,2021,985
UNIVERSITE DE TECHNOLOGIE DE COMPIEGNE,EPSCP,2022,1013
UNIVERSITE DE TECHNOLOGIE DE COMPIEGNE,EPSCP,2023,1022
UNIVERSITE DE TECHNOLOGIE DE TROYES,EPSCP,2021,1169
UNIVERSITE DE TECHNOLOGIE DE TROYES,EPSCP,2022,1180
UNIVERSITE DE TECHNOLOGIE DE TROYES,EPSCP,2023,1111
UNIVERSITE DE TOULON,EPSCP,2021,911
UNIVERSITE DE TOULON,EPSCP,2022,942
UNIVERSITE DE TOULON,EPSCP,2023,1012
UNIVERSITE DE TOURS FRANCOIS RABELAIS,EPSCP,2021,889
UNIVERSITE DE TOURS FRANCOIS RABELAIS,EPSCP,2022,920
UNIVERSITE DE TOURS FRANCOIS RABELAIS,EPSCP,2023,949
UNIVERSITE DES ANTILLES,EPSCP,2021,1110
UNIVERSITE DES ANTILLES,EPSCP,2022,1157
UNIVERSITE DES ANTILLES,EPSCP,2023,1232
UNIVERSITE DU HAVRE,EPSCP,2021,878
UNIVERSITE DU HAVRE,EPSCP,2022,978
UNIVERSITE DU HAVRE,EPSCP,2023,965
UNIVERSITE DU LITTORAL,EPSCP,2021,878
UNIVERSITE DU LITTORAL,EPSCP,2022,911
UNIVERSITE DU LITTORAL,EPSCP,2023,947
UNIVERSITE GRENOBLE ALPES,EPSCP,2021,951
UNIVERSITE GRENOBLE ALPES,EPSCP,2022,971
UNIVERSITE GRENOBLE ALPES,EPSCP,2023,1031
UNIVERSITE GUSTAVE EIFFEL - établissement expérimental,EPSCP,2021,1106
UNIVERSITE GUSTAVE EIFFEL - établissement expérimental,EPSCP,2022,0
UNIVERSITE GUSTAVE EIFFEL - établissement expérimental,EPSCP,2023,1341
UNIVERSITE LE MANS,EPSCP,2021,881
UNIVERSITE LE MANS,EPSCP,2022,925
UNIVERSITE LE MANS,EPSCP,2023,951
UNIVERSITE LYON 3 JEAN MOULIN,EPSCP,2021,922
UNIVERSITE LYON 3 JEAN MOULIN,EPSCP,2022,992
UNIVERSITE LYON 3 JEAN MOULIN,EPSCP,2023,1005
UNIVERSITE LYON II LUMIERE,EPSCP,2021,845
UNIVERSITE LYON II LUMIERE,EPSCP,2022,889
UNIVERSITE LYON II LUMIERE,EPSCP,2023,924
UNIVERSITE PARIS 1 PANTHEON -SORBONNE,EPSCP,2021,1060
UNIVERSITE PARIS 1 PANTHEON -SORBONNE,EPSCP,2022,990
UNIVERSITE PARIS 1 PANTHEON -SORBONNE,EPSCP,2023,1598
UNIVERSITE PARIS DAUPHINE,EPSCP,2021,1233
UNIVERSITE PARIS DAUPHINE,EPSCP,2022,1318
UNIVERSITE PARIS DAUPHINE,EPSCP,2023,1336
UNIVERSITE PARIS EST CRETEIL VAL DE MARNE,EPSCP,2021,1010
UNIVERSITE PARIS EST CRETEIL VAL DE MARNE,EPSCP,2022,1649
UNIVERSITE PARIS EST CRETEIL VAL DE MARNE,EPSCP,2023,1044
UNIVERSITE PARIS III SORBONNE NOUVELLE,EPSCP,2021,965
UNIVERSITE PARIS III SORBONNE NOUVELLE,EPSCP,2022,995
UNIVERSITE PARIS III SORBONNE NOUVELLE,EPSCP,2023,1013
UNIVERSITE PARIS SCIENCES ET LETTRES (PSL) - établissement expérimental,EPSCP,2021,652
UNIVERSITE PARIS SCIENCES ET LETTRES (PSL) - établissement expérimental,EPSCP,2022,646
UNIVERSITE PARIS SCIENCES ET LETTRES (PSL) - établissement expérimental,EPSCP,2023,712
UNIVERSITE PARIS X,EPSCP,2021,935
UNIVERSITE PARIS X,EPSCP,2022,964
UNIVERSITE PARIS X,EPSCP,2023,1026
UNIVERSITE PARIS XIII PARIS -NORD VILLETANEUSE,EPSCP,2021,939
UNIVERSITE PARIS XIII PARIS -NORD VILLETANEUSE,EPSCP,2022,967
UNIVERSITE PARIS XIII PARIS -NORD VILLETANEUSE,EPSCP,2023,982
UNIVERSITE PARIS -PANTHEON -ASSAS,EPSCP,2021,1144
UNIVERSITE PARIS -PANTHEON -ASSAS,EPSCP,2022,1176
UNIVERSITE PARIS -PANTHEON -ASSAS,EPSCP,2023,1210
UNIVERSITE PARIS -SACLAY - établissement exéprimental,EPSCP,2021,0
UNIVERSITE PARIS -SACLAY - établissement exéprimental,EPSCP,2022,1201
UNIVERSITE PARIS -SACLAY - établissement exéprimental,EPSCP,2023,1224
UNIVERSITE PAUL SABATIER TOULOUSE III,EPSCP,2021,942
UNIVERSITE PAUL SABATIER TOULOUSE III,EPSCP,2022,955
UNIVERSITE PAUL SABATIER TOULOUSE III,EPSCP,2023,1000
UNIVERSITE POLYTECHNIQUE HAUTS DE France - établissement expérimental,EPSCP,2021,1019
UNIVERSITE POLYTECHNIQUE HAUTS DE France - établissement expérimental,EPSCP,2022,1073
UNIVERSITE POLYTECHNIQUE HAUTS DE France - établissement expérimental,EPSCP,2023,1100
UNIVERSITE RENNES II HAUTE BRETAGNE,EPSCP,2021,855
UNIVERSITE RENNES II HAUTE BRETAGNE,EPSCP,2022,911
UNIVERSITE RENNES II HAUTE BRETAGNE,EPSCP,2023,911
UNIVERSITE TECHNOLOGIE BELFORT MONTBELIARD,EPSCP,2021,838
UNIVERSITE TECHNOLOGIE BELFORT MONTBELIARD,EPSCP,2022,838
UNIVERSITE TECHNOLOGIE BELFORT MONTBELIARD,EPSCP,2023,872
UNIVERSITE TOULOUSE II,EPSCP,2021,879
UNIVERSITE TOULOUSE II,EPSCP,2022,922
UNIVERSITE TOULOUSE II,EPSCP,2023,952
UNIVERSITE VERSAILLES ST QUENTIN YVELINE,EPSCP,2021,952
UNIVERSITE VERSAILLES ST QUENTIN YVELINE,EPSCP,2022,982
UNIVERSITE VERSAILLES ST QUENTIN YVELINE,EPSCP,2023,995
Universcience - ETABLISSEMENT PUBLIC DU PALAIS DE LA DECOUVERTE ET CITE DES SCIENCES ET DE L'INDUSTRIE,EPIC,2021,1107
Universcience - ETABLISSEMENT PUBLIC DU PALAIS DE LA DECOUVERTE ET CITE DES SCIENCES ET DE L'INDUSTRIE,EPIC,2022,1198
Universcience - ETABLISSEMENT PUBLIC DU PALAIS DE LA DECOUVERTE ET CITE DES SCIENCES ET DE L'INDUSTRIE,EPIC,2023,1208
Université Toulouse Capitole,EPSCP,2021,1012
Université Toulouse Capitole,EPSCP,2022,987
Université Toulouse Capitole,EPSCP,2023,1054
Université de Montpellier Paul -Valéry,EPSCP,2021,971
Université de Montpellier Paul -Valéry,EPSCP,2022,1003
Université de Montpellier Paul -Valéry,EPSCP,2023,1037
Université de Rennes,EPSCP,2021,987
Université de Rennes,EPSCP,2022,1002
Université de Rennes,EPSCP,2023,1039
Université de technologie de Tarbes,EPA,2021,804
Université de technologie de Tarbes,EPA,2022,835
Université de technologie de Tarbes,EPA,2023,874
VOIES NAVIGABLES DE FRANCE,EPA,2021,1161
VOIES NAVIGABLES DE FRANCE,EPA,2022,1168
VOIES NAVIGABLES DE FRANCE,EPA,2023,1152
